data,Subject,clip,label,onset_frame,apex_frame,offset_frame,onset_frame_path,apex_frame_path,offset_frame_path,data_sub
samm,6,006_1_2,0,3562,3586,3632,samm/006/006_1_2/006_1_03562.jpg,samm/006/006_1_2/006_1_03586.jpg,samm/006/006_1_2/006_1_03632.jpg,samm_006
samm,6,006_1_2,0,3562,3587,3632,samm/006/006_1_2/006_1_03562.jpg,samm/006/006_1_2/006_1_03587.jpg,samm/006/006_1_2/006_1_03632.jpg,samm_006
samm,6,006_1_2,0,3562,3589,3632,samm/006/006_1_2/006_1_03562.jpg,samm/006/006_1_2/006_1_03589.jpg,samm/006/006_1_2/006_1_03632.jpg,samm_006
samm,6,006_1_2,0,3562,3590,3632,samm/006/006_1_2/006_1_03562.jpg,samm/006/006_1_2/006_1_03590.jpg,samm/006/006_1_2/006_1_03632.jpg,samm_006
samm,6,006_1_3,0,1912,1946,1988,samm/006/006_1_3/006_1_01912.jpg,samm/006/006_1_3/006_1_01946.jpg,samm/006/006_1_3/006_1_01988.jpg,samm_006
samm,6,006_1_3,0,1912,1947,1988,samm/006/006_1_3/006_1_01912.jpg,samm/006/006_1_3/006_1_01947.jpg,samm/006/006_1_3/006_1_01988.jpg,samm_006
samm,6,006_1_3,0,1912,1949,1988,samm/006/006_1_3/006_1_01912.jpg,samm/006/006_1_3/006_1_01949.jpg,samm/006/006_1_3/006_1_01988.jpg,samm_006
samm,6,006_1_3,0,1912,1950,1988,samm/006/006_1_3/006_1_01912.jpg,samm/006/006_1_3/006_1_01950.jpg,samm/006/006_1_3/006_1_01988.jpg,samm_006
samm,6,006_1_4,0,324,366,403,samm/006/006_1_4/006_1_00324.jpg,samm/006/006_1_4/006_1_00366.jpg,samm/006/006_1_4/006_1_00403.jpg,samm_006
samm,6,006_1_4,0,324,367,403,samm/006/006_1_4/006_1_00324.jpg,samm/006/006_1_4/006_1_00367.jpg,samm/006/006_1_4/006_1_00403.jpg,samm_006
samm,6,006_1_4,0,324,369,403,samm/006/006_1_4/006_1_00324.jpg,samm/006/006_1_4/006_1_00369.jpg,samm/006/006_1_4/006_1_00403.jpg,samm_006
samm,6,006_1_4,0,324,370,403,samm/006/006_1_4/006_1_00324.jpg,samm/006/006_1_4/006_1_00370.jpg,samm/006/006_1_4/006_1_00403.jpg,samm_006
samm,6,006_1_5,0,3343,3386,3424,samm/006/006_1_5/006_1_03343.jpg,samm/006/006_1_5/006_1_03386.jpg,samm/006/006_1_5/006_1_03424.jpg,samm_006
samm,6,006_1_5,0,3343,3387,3424,samm/006/006_1_5/006_1_03343.jpg,samm/006/006_1_5/006_1_03387.jpg,samm/006/006_1_5/006_1_03424.jpg,samm_006
samm,6,006_1_5,0,3343,3389,3424,samm/006/006_1_5/006_1_03343.jpg,samm/006/006_1_5/006_1_03389.jpg,samm/006/006_1_5/006_1_03424.jpg,samm_006
samm,6,006_1_5,0,3343,3390,3424,samm/006/006_1_5/006_1_03343.jpg,samm/006/006_1_5/006_1_03390.jpg,samm/006/006_1_5/006_1_03424.jpg,samm_006
samm,6,006_1_6,0,5160,5195,5259,samm/006/006_1_6/006_1_05160.jpg,samm/006/006_1_6/006_1_05195.jpg,samm/006/006_1_6/006_1_05259.jpg,samm_006
samm,6,006_1_6,0,5160,5196,5259,samm/006/006_1_6/006_1_05160.jpg,samm/006/006_1_6/006_1_05196.jpg,samm/006/006_1_6/006_1_05259.jpg,samm_006
samm,6,006_1_6,0,5160,5198,5259,samm/006/006_1_6/006_1_05160.jpg,samm/006/006_1_6/006_1_05198.jpg,samm/006/006_1_6/006_1_05259.jpg,samm_006
samm,6,006_1_6,0,5160,5199,5259,samm/006/006_1_6/006_1_05160.jpg,samm/006/006_1_6/006_1_05199.jpg,samm/006/006_1_6/006_1_05259.jpg,samm_006
samm,6,006_2_4,0,80,115,174,samm/006/006_2_4/006_2_00080.jpg,samm/006/006_2_4/006_2_00115.jpg,samm/006/006_2_4/006_2_00174.jpg,samm_006
samm,6,006_2_4,0,80,116,174,samm/006/006_2_4/006_2_00080.jpg,samm/006/006_2_4/006_2_00116.jpg,samm/006/006_2_4/006_2_00174.jpg,samm_006
samm,6,006_2_4,0,80,118,174,samm/006/006_2_4/006_2_00080.jpg,samm/006/006_2_4/006_2_00118.jpg,samm/006/006_2_4/006_2_00174.jpg,samm_006
samm,6,006_2_4,0,80,119,174,samm/006/006_2_4/006_2_00080.jpg,samm/006/006_2_4/006_2_00119.jpg,samm/006/006_2_4/006_2_00174.jpg,samm_006
samm,6,006_3_4,0,139,166,202,samm/006/006_3_4/006_3_00139.jpg,samm/006/006_3_4/006_3_00166.jpg,samm/006/006_3_4/006_3_00202.jpg,samm_006
samm,6,006_3_4,0,139,167,202,samm/006/006_3_4/006_3_00139.jpg,samm/006/006_3_4/006_3_00167.jpg,samm/006/006_3_4/006_3_00202.jpg,samm_006
samm,6,006_3_4,0,139,169,202,samm/006/006_3_4/006_3_00139.jpg,samm/006/006_3_4/006_3_00169.jpg,samm/006/006_3_4/006_3_00202.jpg,samm_006
samm,6,006_3_4,0,139,170,202,samm/006/006_3_4/006_3_00139.jpg,samm/006/006_3_4/006_3_00170.jpg,samm/006/006_3_4/006_3_00202.jpg,samm_006
samm,6,006_3_5,2,1287,1327,1356,samm/006/006_3_5/006_3_01287.jpg,samm/006/006_3_5/006_3_01327.jpg,samm/006/006_3_5/006_3_01356.jpg,samm_006
samm,6,006_3_5,2,1287,1328,1356,samm/006/006_3_5/006_3_01287.jpg,samm/006/006_3_5/006_3_01328.jpg,samm/006/006_3_5/006_3_01356.jpg,samm_006
samm,6,006_3_5,2,1287,1330,1356,samm/006/006_3_5/006_3_01287.jpg,samm/006/006_3_5/006_3_01330.jpg,samm/006/006_3_5/006_3_01356.jpg,samm_006
samm,6,006_3_5,2,1287,1331,1356,samm/006/006_3_5/006_3_01287.jpg,samm/006/006_3_5/006_3_01331.jpg,samm/006/006_3_5/006_3_01356.jpg,samm_006
samm,6,006_5_10,0,1136,1163,1214,samm/006/006_5_10/006_5_01136.jpg,samm/006/006_5_10/006_5_01163.jpg,samm/006/006_5_10/006_5_01214.jpg,samm_006
samm,6,006_5_10,0,1136,1164,1214,samm/006/006_5_10/006_5_01136.jpg,samm/006/006_5_10/006_5_01164.jpg,samm/006/006_5_10/006_5_01214.jpg,samm_006
samm,6,006_5_10,0,1136,1166,1214,samm/006/006_5_10/006_5_01136.jpg,samm/006/006_5_10/006_5_01166.jpg,samm/006/006_5_10/006_5_01214.jpg,samm_006
samm,6,006_5_10,0,1136,1167,1214,samm/006/006_5_10/006_5_01136.jpg,samm/006/006_5_10/006_5_01167.jpg,samm/006/006_5_10/006_5_01214.jpg,samm_006
samm,6,006_5_11,0,1830,1888,1926,samm/006/006_5_11/006_5_01830.jpg,samm/006/006_5_11/006_5_01888.jpg,samm/006/006_5_11/006_5_01926.jpg,samm_006
samm,6,006_5_11,0,1830,1889,1926,samm/006/006_5_11/006_5_01830.jpg,samm/006/006_5_11/006_5_01889.jpg,samm/006/006_5_11/006_5_01926.jpg,samm_006
samm,6,006_5_11,0,1830,1891,1926,samm/006/006_5_11/006_5_01830.jpg,samm/006/006_5_11/006_5_01891.jpg,samm/006/006_5_11/006_5_01926.jpg,samm_006
samm,6,006_5_11,0,1830,1892,1926,samm/006/006_5_11/006_5_01830.jpg,samm/006/006_5_11/006_5_01892.jpg,samm/006/006_5_11/006_5_01926.jpg,samm_006
samm,6,006_5_9,2,4958,4980,5051,samm/006/006_5_9/006_5_04958.jpg,samm/006/006_5_9/006_5_04980.jpg,samm/006/006_5_9/006_5_05051.jpg,samm_006
samm,6,006_5_9,2,4958,4981,5051,samm/006/006_5_9/006_5_04958.jpg,samm/006/006_5_9/006_5_04981.jpg,samm/006/006_5_9/006_5_05051.jpg,samm_006
samm,6,006_5_9,2,4958,4983,5051,samm/006/006_5_9/006_5_04958.jpg,samm/006/006_5_9/006_5_04983.jpg,samm/006/006_5_9/006_5_05051.jpg,samm_006
samm,6,006_5_9,2,4958,4984,5051,samm/006/006_5_9/006_5_04958.jpg,samm/006/006_5_9/006_5_04984.jpg,samm/006/006_5_9/006_5_05051.jpg,samm_006
samm,7,007_3_1,0,246,260,291,samm/007/007_3_1/007_3_00246.jpg,samm/007/007_3_1/007_3_00260.jpg,samm/007/007_3_1/007_3_00291.jpg,samm_007
samm,7,007_3_1,0,246,261,291,samm/007/007_3_1/007_3_00246.jpg,samm/007/007_3_1/007_3_00261.jpg,samm/007/007_3_1/007_3_00291.jpg,samm_007
samm,7,007_3_1,0,246,263,291,samm/007/007_3_1/007_3_00246.jpg,samm/007/007_3_1/007_3_00263.jpg,samm/007/007_3_1/007_3_00291.jpg,samm_007
samm,7,007_3_1,0,246,264,291,samm/007/007_3_1/007_3_00246.jpg,samm/007/007_3_1/007_3_00264.jpg,samm/007/007_3_1/007_3_00291.jpg,samm_007
samm,7,007_5_3,2,259,295,335,samm/007/007_5_3/007_5_00259.jpg,samm/007/007_5_3/007_5_00295.jpg,samm/007/007_5_3/007_5_00335.jpg,samm_007
samm,7,007_5_3,2,259,296,335,samm/007/007_5_3/007_5_00259.jpg,samm/007/007_5_3/007_5_00296.jpg,samm/007/007_5_3/007_5_00335.jpg,samm_007
samm,7,007_5_3,2,259,298,335,samm/007/007_5_3/007_5_00259.jpg,samm/007/007_5_3/007_5_00298.jpg,samm/007/007_5_3/007_5_00335.jpg,samm_007
samm,7,007_5_3,2,259,299,335,samm/007/007_5_3/007_5_00259.jpg,samm/007/007_5_3/007_5_00299.jpg,samm/007/007_5_3/007_5_00335.jpg,samm_007
samm,7,007_6_1,1,397,409,441,samm/007/007_6_1/007_6_00397.jpg,samm/007/007_6_1/007_6_00409.jpg,samm/007/007_6_1/007_6_00441.jpg,samm_007
samm,7,007_6_1,1,397,410,441,samm/007/007_6_1/007_6_00397.jpg,samm/007/007_6_1/007_6_00410.jpg,samm/007/007_6_1/007_6_00441.jpg,samm_007
samm,7,007_6_1,1,397,412,441,samm/007/007_6_1/007_6_00397.jpg,samm/007/007_6_1/007_6_00412.jpg,samm/007/007_6_1/007_6_00441.jpg,samm_007
samm,7,007_6_1,1,397,413,441,samm/007/007_6_1/007_6_00397.jpg,samm/007/007_6_1/007_6_00413.jpg,samm/007/007_6_1/007_6_00441.jpg,samm_007
samm,7,007_6_2,1,1196,1224,1277,samm/007/007_6_2/007_6_01196.jpg,samm/007/007_6_2/007_6_01224.jpg,samm/007/007_6_2/007_6_01277.jpg,samm_007
samm,7,007_6_2,1,1196,1225,1277,samm/007/007_6_2/007_6_01196.jpg,samm/007/007_6_2/007_6_01225.jpg,samm/007/007_6_2/007_6_01277.jpg,samm_007
samm,7,007_6_2,1,1196,1227,1277,samm/007/007_6_2/007_6_01196.jpg,samm/007/007_6_2/007_6_01227.jpg,samm/007/007_6_2/007_6_01277.jpg,samm_007
samm,7,007_6_2,1,1196,1228,1277,samm/007/007_6_2/007_6_01196.jpg,samm/007/007_6_2/007_6_01228.jpg,samm/007/007_6_2/007_6_01277.jpg,samm_007
samm,7,007_6_3,1,2460,2490,2517,samm/007/007_6_3/007_6_02460.jpg,samm/007/007_6_3/007_6_02490.jpg,samm/007/007_6_3/007_6_02517.jpg,samm_007
samm,7,007_6_3,1,2460,2491,2517,samm/007/007_6_3/007_6_02460.jpg,samm/007/007_6_3/007_6_02491.jpg,samm/007/007_6_3/007_6_02517.jpg,samm_007
samm,7,007_6_3,1,2460,2493,2517,samm/007/007_6_3/007_6_02460.jpg,samm/007/007_6_3/007_6_02493.jpg,samm/007/007_6_3/007_6_02517.jpg,samm_007
samm,7,007_6_3,1,2460,2494,2517,samm/007/007_6_3/007_6_02460.jpg,samm/007/007_6_3/007_6_02494.jpg,samm/007/007_6_3/007_6_02517.jpg,samm_007
samm,7,007_6_5,1,549,571,623,samm/007/007_6_5/007_6_00549.jpg,samm/007/007_6_5/007_6_00571.jpg,samm/007/007_6_5/007_6_00623.jpg,samm_007
samm,7,007_6_5,1,549,572,623,samm/007/007_6_5/007_6_00549.jpg,samm/007/007_6_5/007_6_00572.jpg,samm/007/007_6_5/007_6_00623.jpg,samm_007
samm,7,007_6_5,1,549,574,623,samm/007/007_6_5/007_6_00549.jpg,samm/007/007_6_5/007_6_00574.jpg,samm/007/007_6_5/007_6_00623.jpg,samm_007
samm,7,007_6_5,1,549,575,623,samm/007/007_6_5/007_6_00549.jpg,samm/007/007_6_5/007_6_00575.jpg,samm/007/007_6_5/007_6_00623.jpg,samm_007
samm,7,007_7_1,2,6730,6754,6770,samm/007/007_7_1/007_7_06730.jpg,samm/007/007_7_1/007_7_06754.jpg,samm/007/007_7_1/007_7_06770.jpg,samm_007
samm,7,007_7_1,2,6730,6755,6770,samm/007/007_7_1/007_7_06730.jpg,samm/007/007_7_1/007_7_06755.jpg,samm/007/007_7_1/007_7_06770.jpg,samm_007
samm,7,007_7_1,2,6730,6757,6770,samm/007/007_7_1/007_7_06730.jpg,samm/007/007_7_1/007_7_06757.jpg,samm/007/007_7_1/007_7_06770.jpg,samm_007
samm,7,007_7_1,2,6730,6758,6770,samm/007/007_7_1/007_7_06730.jpg,samm/007/007_7_1/007_7_06758.jpg,samm/007/007_7_1/007_7_06770.jpg,samm_007
samm,7,007_7_5,1,254,283,337,samm/007/007_7_5/007_7_00254.jpg,samm/007/007_7_5/007_7_00283.jpg,samm/007/007_7_5/007_7_00337.jpg,samm_007
samm,7,007_7_5,1,254,284,337,samm/007/007_7_5/007_7_00254.jpg,samm/007/007_7_5/007_7_00284.jpg,samm/007/007_7_5/007_7_00337.jpg,samm_007
samm,7,007_7_5,1,254,286,337,samm/007/007_7_5/007_7_00254.jpg,samm/007/007_7_5/007_7_00286.jpg,samm/007/007_7_5/007_7_00337.jpg,samm_007
samm,7,007_7_5,1,254,287,337,samm/007/007_7_5/007_7_00254.jpg,samm/007/007_7_5/007_7_00287.jpg,samm/007/007_7_5/007_7_00337.jpg,samm_007
samm,9,009_2_1,0,577,600,641,samm/009/009_2_1/009_2_00577.jpg,samm/009/009_2_1/009_2_00600.jpg,samm/009/009_2_1/009_2_00641.jpg,samm_009
samm,9,009_2_1,0,577,601,641,samm/009/009_2_1/009_2_00577.jpg,samm/009/009_2_1/009_2_00601.jpg,samm/009/009_2_1/009_2_00641.jpg,samm_009
samm,9,009_2_1,0,577,603,641,samm/009/009_2_1/009_2_00577.jpg,samm/009/009_2_1/009_2_00603.jpg,samm/009/009_2_1/009_2_00641.jpg,samm_009
samm,9,009_2_1,0,577,604,641,samm/009/009_2_1/009_2_00577.jpg,samm/009/009_2_1/009_2_00604.jpg,samm/009/009_2_1/009_2_00641.jpg,samm_009
samm,9,009_3_2,0,1356,1389,1432,samm/009/009_3_2/009_3_01356.jpg,samm/009/009_3_2/009_3_01389.jpg,samm/009/009_3_2/009_3_01432.jpg,samm_009
samm,9,009_3_2,0,1356,1390,1432,samm/009/009_3_2/009_3_01356.jpg,samm/009/009_3_2/009_3_01390.jpg,samm/009/009_3_2/009_3_01432.jpg,samm_009
samm,9,009_3_2,0,1356,1392,1432,samm/009/009_3_2/009_3_01356.jpg,samm/009/009_3_2/009_3_01392.jpg,samm/009/009_3_2/009_3_01432.jpg,samm_009
samm,9,009_3_2,0,1356,1393,1432,samm/009/009_3_2/009_3_01356.jpg,samm/009/009_3_2/009_3_01393.jpg,samm/009/009_3_2/009_3_01432.jpg,samm_009
samm,9,009_3_3,0,1468,1508,1545,samm/009/009_3_3/009_3_01468.jpg,samm/009/009_3_3/009_3_01508.jpg,samm/009/009_3_3/009_3_01545.jpg,samm_009
samm,9,009_3_3,0,1468,1509,1545,samm/009/009_3_3/009_3_01468.jpg,samm/009/009_3_3/009_3_01509.jpg,samm/009/009_3_3/009_3_01545.jpg,samm_009
samm,9,009_3_3,0,1468,1511,1545,samm/009/009_3_3/009_3_01468.jpg,samm/009/009_3_3/009_3_01511.jpg,samm/009/009_3_3/009_3_01545.jpg,samm_009
samm,9,009_3_3,0,1468,1512,1545,samm/009/009_3_3/009_3_01468.jpg,samm/009/009_3_3/009_3_01512.jpg,samm/009/009_3_3/009_3_01545.jpg,samm_009
samm,9,009_3_4,2,2834,2868,2919,samm/009/009_3_4/009_3_02834.jpg,samm/009/009_3_4/009_3_02868.jpg,samm/009/009_3_4/009_3_02919.jpg,samm_009
samm,9,009_3_4,2,2834,2869,2919,samm/009/009_3_4/009_3_02834.jpg,samm/009/009_3_4/009_3_02869.jpg,samm/009/009_3_4/009_3_02919.jpg,samm_009
samm,9,009_3_4,2,2834,2871,2919,samm/009/009_3_4/009_3_02834.jpg,samm/009/009_3_4/009_3_02871.jpg,samm/009/009_3_4/009_3_02919.jpg,samm_009
samm,9,009_3_4,2,2834,2872,2919,samm/009/009_3_4/009_3_02834.jpg,samm/009/009_3_4/009_3_02872.jpg,samm/009/009_3_4/009_3_02919.jpg,samm_009
samm,10,010_2_1,0,192,204,228,samm/010/010_2_1/010_2_00192.jpg,samm/010/010_2_1/010_2_00204.jpg,samm/010/010_2_1/010_2_00228.jpg,samm_010
samm,10,010_2_1,0,192,205,228,samm/010/010_2_1/010_2_00192.jpg,samm/010/010_2_1/010_2_00205.jpg,samm/010/010_2_1/010_2_00228.jpg,samm_010
samm,10,010_2_1,0,192,207,228,samm/010/010_2_1/010_2_00192.jpg,samm/010/010_2_1/010_2_00207.jpg,samm/010/010_2_1/010_2_00228.jpg,samm_010
samm,10,010_2_1,0,192,208,228,samm/010/010_2_1/010_2_00192.jpg,samm/010/010_2_1/010_2_00208.jpg,samm/010/010_2_1/010_2_00228.jpg,samm_010
samm,10,010_2_8,0,1211,1237,1288,samm/010/010_2_8/010_2_01211.jpg,samm/010/010_2_8/010_2_01237.jpg,samm/010/010_2_8/010_2_01288.jpg,samm_010
samm,10,010_2_8,0,1211,1238,1288,samm/010/010_2_8/010_2_01211.jpg,samm/010/010_2_8/010_2_01238.jpg,samm/010/010_2_8/010_2_01288.jpg,samm_010
samm,10,010_2_8,0,1211,1240,1288,samm/010/010_2_8/010_2_01211.jpg,samm/010/010_2_8/010_2_01240.jpg,samm/010/010_2_8/010_2_01288.jpg,samm_010
samm,10,010_2_8,0,1211,1241,1288,samm/010/010_2_8/010_2_01211.jpg,samm/010/010_2_8/010_2_01241.jpg,samm/010/010_2_8/010_2_01288.jpg,samm_010
samm,10,010_4_1,0,528,546,557,samm/010/010_4_1/010_4_00528.jpg,samm/010/010_4_1/010_4_00546.jpg,samm/010/010_4_1/010_4_00557.jpg,samm_010
samm,10,010_4_1,0,528,547,557,samm/010/010_4_1/010_4_00528.jpg,samm/010/010_4_1/010_4_00547.jpg,samm/010/010_4_1/010_4_00557.jpg,samm_010
samm,10,010_4_1,0,528,549,557,samm/010/010_4_1/010_4_00528.jpg,samm/010/010_4_1/010_4_00549.jpg,samm/010/010_4_1/010_4_00557.jpg,samm_010
samm,10,010_4_1,0,528,550,557,samm/010/010_4_1/010_4_00528.jpg,samm/010/010_4_1/010_4_00550.jpg,samm/010/010_4_1/010_4_00557.jpg,samm_010
samm,10,010_4_2,0,3708,3728,3738,samm/010/010_4_2/010_4_03708.jpg,samm/010/010_4_2/010_4_03728.jpg,samm/010/010_4_2/010_4_03738.jpg,samm_010
samm,10,010_4_2,0,3708,3729,3738,samm/010/010_4_2/010_4_03708.jpg,samm/010/010_4_2/010_4_03729.jpg,samm/010/010_4_2/010_4_03738.jpg,samm_010
samm,10,010_4_2,0,3708,3731,3738,samm/010/010_4_2/010_4_03708.jpg,samm/010/010_4_2/010_4_03731.jpg,samm/010/010_4_2/010_4_03738.jpg,samm_010
samm,10,010_4_2,0,3708,3732,3738,samm/010/010_4_2/010_4_03708.jpg,samm/010/010_4_2/010_4_03732.jpg,samm/010/010_4_2/010_4_03738.jpg,samm_010
samm,11,011_1_4,0,3080,3129,3168,samm/011/011_1_4/011_1_03080.jpg,samm/011/011_1_4/011_1_03129.jpg,samm/011/011_1_4/011_1_03168.jpg,samm_011
samm,11,011_1_4,0,3080,3130,3168,samm/011/011_1_4/011_1_03080.jpg,samm/011/011_1_4/011_1_03130.jpg,samm/011/011_1_4/011_1_03168.jpg,samm_011
samm,11,011_1_4,0,3080,3132,3168,samm/011/011_1_4/011_1_03080.jpg,samm/011/011_1_4/011_1_03132.jpg,samm/011/011_1_4/011_1_03168.jpg,samm_011
samm,11,011_1_4,0,3080,3133,3168,samm/011/011_1_4/011_1_03080.jpg,samm/011/011_1_4/011_1_03133.jpg,samm/011/011_1_4/011_1_03168.jpg,samm_011
samm,11,011_2_1,0,2029,2048,2068,samm/011/011_2_1/011_2_02029.jpg,samm/011/011_2_1/011_2_02048.jpg,samm/011/011_2_1/011_2_02068.jpg,samm_011
samm,11,011_2_1,0,2029,2049,2068,samm/011/011_2_1/011_2_02029.jpg,samm/011/011_2_1/011_2_02049.jpg,samm/011/011_2_1/011_2_02068.jpg,samm_011
samm,11,011_2_1,0,2029,2051,2068,samm/011/011_2_1/011_2_02029.jpg,samm/011/011_2_1/011_2_02051.jpg,samm/011/011_2_1/011_2_02068.jpg,samm_011
samm,11,011_2_1,0,2029,2052,2068,samm/011/011_2_1/011_2_02029.jpg,samm/011/011_2_1/011_2_02052.jpg,samm/011/011_2_1/011_2_02068.jpg,samm_011
samm,11,011_2_2,0,2069,2112,2125,samm/011/011_2_2/011_2_02069.jpg,samm/011/011_2_2/011_2_02112.jpg,samm/011/011_2_2/011_2_02125.jpg,samm_011
samm,11,011_2_2,0,2069,2113,2125,samm/011/011_2_2/011_2_02069.jpg,samm/011/011_2_2/011_2_02113.jpg,samm/011/011_2_2/011_2_02125.jpg,samm_011
samm,11,011_2_2,0,2069,2115,2125,samm/011/011_2_2/011_2_02069.jpg,samm/011/011_2_2/011_2_02115.jpg,samm/011/011_2_2/011_2_02125.jpg,samm_011
samm,11,011_2_2,0,2069,2116,2125,samm/011/011_2_2/011_2_02069.jpg,samm/011/011_2_2/011_2_02116.jpg,samm/011/011_2_2/011_2_02125.jpg,samm_011
samm,11,011_2_3,0,3885,3919,3974,samm/011/011_2_3/011_2_03885.jpg,samm/011/011_2_3/011_2_03919.jpg,samm/011/011_2_3/011_2_03974.jpg,samm_011
samm,11,011_2_3,0,3885,3920,3974,samm/011/011_2_3/011_2_03885.jpg,samm/011/011_2_3/011_2_03920.jpg,samm/011/011_2_3/011_2_03974.jpg,samm_011
samm,11,011_2_3,0,3885,3922,3974,samm/011/011_2_3/011_2_03885.jpg,samm/011/011_2_3/011_2_03922.jpg,samm/011/011_2_3/011_2_03974.jpg,samm_011
samm,11,011_2_3,0,3885,3923,3974,samm/011/011_2_3/011_2_03885.jpg,samm/011/011_2_3/011_2_03923.jpg,samm/011/011_2_3/011_2_03974.jpg,samm_011
samm,11,011_2_7,1,3361,3400,3449,samm/011/011_2_7/011_2_03361.jpg,samm/011/011_2_7/011_2_03400.jpg,samm/011/011_2_7/011_2_03449.jpg,samm_011
samm,11,011_2_7,1,3361,3401,3449,samm/011/011_2_7/011_2_03361.jpg,samm/011/011_2_7/011_2_03401.jpg,samm/011/011_2_7/011_2_03449.jpg,samm_011
samm,11,011_2_7,1,3361,3403,3449,samm/011/011_2_7/011_2_03361.jpg,samm/011/011_2_7/011_2_03403.jpg,samm/011/011_2_7/011_2_03449.jpg,samm_011
samm,11,011_2_7,1,3361,3404,3449,samm/011/011_2_7/011_2_03361.jpg,samm/011/011_2_7/011_2_03404.jpg,samm/011/011_2_7/011_2_03449.jpg,samm_011
samm,11,011_3_1,0,363,393,411,samm/011/011_3_1/011_3_00363.jpg,samm/011/011_3_1/011_3_00393.jpg,samm/011/011_3_1/011_3_00411.jpg,samm_011
samm,11,011_3_1,0,363,394,411,samm/011/011_3_1/011_3_00363.jpg,samm/011/011_3_1/011_3_00394.jpg,samm/011/011_3_1/011_3_00411.jpg,samm_011
samm,11,011_3_1,0,363,396,411,samm/011/011_3_1/011_3_00363.jpg,samm/011/011_3_1/011_3_00396.jpg,samm/011/011_3_1/011_3_00411.jpg,samm_011
samm,11,011_3_1,0,363,397,411,samm/011/011_3_1/011_3_00363.jpg,samm/011/011_3_1/011_3_00397.jpg,samm/011/011_3_1/011_3_00411.jpg,samm_011
samm,11,011_3_4,1,841,889,920,samm/011/011_3_4/011_3_00841.jpg,samm/011/011_3_4/011_3_00889.jpg,samm/011/011_3_4/011_3_00920.jpg,samm_011
samm,11,011_3_4,1,841,890,920,samm/011/011_3_4/011_3_00841.jpg,samm/011/011_3_4/011_3_00890.jpg,samm/011/011_3_4/011_3_00920.jpg,samm_011
samm,11,011_3_4,1,841,892,920,samm/011/011_3_4/011_3_00841.jpg,samm/011/011_3_4/011_3_00892.jpg,samm/011/011_3_4/011_3_00920.jpg,samm_011
samm,11,011_3_4,1,841,893,920,samm/011/011_3_4/011_3_00841.jpg,samm/011/011_3_4/011_3_00893.jpg,samm/011/011_3_4/011_3_00920.jpg,samm_011
samm,11,011_3_5,1,944,1005,1031,samm/011/011_3_5/011_3_00944.jpg,samm/011/011_3_5/011_3_01005.jpg,samm/011/011_3_5/011_3_01031.jpg,samm_011
samm,11,011_3_5,1,944,1006,1031,samm/011/011_3_5/011_3_00944.jpg,samm/011/011_3_5/011_3_01006.jpg,samm/011/011_3_5/011_3_01031.jpg,samm_011
samm,11,011_3_5,1,944,1008,1031,samm/011/011_3_5/011_3_00944.jpg,samm/011/011_3_5/011_3_01008.jpg,samm/011/011_3_5/011_3_01031.jpg,samm_011
samm,11,011_3_5,1,944,1009,1031,samm/011/011_3_5/011_3_00944.jpg,samm/011/011_3_5/011_3_01009.jpg,samm/011/011_3_5/011_3_01031.jpg,samm_011
samm,11,011_3_6,1,1208,1251,1308,samm/011/011_3_6/011_3_01208.jpg,samm/011/011_3_6/011_3_01251.jpg,samm/011/011_3_6/011_3_01308.jpg,samm_011
samm,11,011_3_6,1,1208,1252,1308,samm/011/011_3_6/011_3_01208.jpg,samm/011/011_3_6/011_3_01252.jpg,samm/011/011_3_6/011_3_01308.jpg,samm_011
samm,11,011_3_6,1,1208,1254,1308,samm/011/011_3_6/011_3_01208.jpg,samm/011/011_3_6/011_3_01254.jpg,samm/011/011_3_6/011_3_01308.jpg,samm_011
samm,11,011_3_6,1,1208,1255,1308,samm/011/011_3_6/011_3_01208.jpg,samm/011/011_3_6/011_3_01255.jpg,samm/011/011_3_6/011_3_01308.jpg,samm_011
samm,11,011_4_1,0,6750,6769,6803,samm/011/011_4_1/011_4_06750.jpg,samm/011/011_4_1/011_4_06769.jpg,samm/011/011_4_1/011_4_06803.jpg,samm_011
samm,11,011_4_1,0,6750,6770,6803,samm/011/011_4_1/011_4_06750.jpg,samm/011/011_4_1/011_4_06770.jpg,samm/011/011_4_1/011_4_06803.jpg,samm_011
samm,11,011_4_1,0,6750,6772,6803,samm/011/011_4_1/011_4_06750.jpg,samm/011/011_4_1/011_4_06772.jpg,samm/011/011_4_1/011_4_06803.jpg,samm_011
samm,11,011_4_1,0,6750,6773,6803,samm/011/011_4_1/011_4_06750.jpg,samm/011/011_4_1/011_4_06773.jpg,samm/011/011_4_1/011_4_06803.jpg,samm_011
samm,11,011_4_12,0,4158,4192,4254,samm/011/011_4_12/011_4_04158.jpg,samm/011/011_4_12/011_4_04192.jpg,samm/011/011_4_12/011_4_04254.jpg,samm_011
samm,11,011_4_12,0,4158,4193,4254,samm/011/011_4_12/011_4_04158.jpg,samm/011/011_4_12/011_4_04193.jpg,samm/011/011_4_12/011_4_04254.jpg,samm_011
samm,11,011_4_12,0,4158,4195,4254,samm/011/011_4_12/011_4_04158.jpg,samm/011/011_4_12/011_4_04195.jpg,samm/011/011_4_12/011_4_04254.jpg,samm_011
samm,11,011_4_12,0,4158,4196,4254,samm/011/011_4_12/011_4_04158.jpg,samm/011/011_4_12/011_4_04196.jpg,samm/011/011_4_12/011_4_04254.jpg,samm_011
samm,11,011_4_13,0,2755,2789,2853,samm/011/011_4_13/011_4_02755.jpg,samm/011/011_4_13/011_4_02789.jpg,samm/011/011_4_13/011_4_02853.jpg,samm_011
samm,11,011_4_13,0,2755,2790,2853,samm/011/011_4_13/011_4_02755.jpg,samm/011/011_4_13/011_4_02790.jpg,samm/011/011_4_13/011_4_02853.jpg,samm_011
samm,11,011_4_13,0,2755,2792,2853,samm/011/011_4_13/011_4_02755.jpg,samm/011/011_4_13/011_4_02792.jpg,samm/011/011_4_13/011_4_02853.jpg,samm_011
samm,11,011_4_13,0,2755,2793,2853,samm/011/011_4_13/011_4_02755.jpg,samm/011/011_4_13/011_4_02793.jpg,samm/011/011_4_13/011_4_02853.jpg,samm_011
samm,11,011_4_2,0,2980,3012,3037,samm/011/011_4_2/011_4_02980.jpg,samm/011/011_4_2/011_4_03012.jpg,samm/011/011_4_2/011_4_03037.jpg,samm_011
samm,11,011_4_2,0,2980,3013,3037,samm/011/011_4_2/011_4_02980.jpg,samm/011/011_4_2/011_4_03013.jpg,samm/011/011_4_2/011_4_03037.jpg,samm_011
samm,11,011_4_2,0,2980,3015,3037,samm/011/011_4_2/011_4_02980.jpg,samm/011/011_4_2/011_4_03015.jpg,samm/011/011_4_2/011_4_03037.jpg,samm_011
samm,11,011_4_2,0,2980,3016,3037,samm/011/011_4_2/011_4_02980.jpg,samm/011/011_4_2/011_4_03016.jpg,samm/011/011_4_2/011_4_03037.jpg,samm_011
samm,11,011_5_1,0,1048,1069,1088,samm/011/011_5_1/011_5_01048.jpg,samm/011/011_5_1/011_5_01069.jpg,samm/011/011_5_1/011_5_01088.jpg,samm_011
samm,11,011_5_1,0,1048,1070,1088,samm/011/011_5_1/011_5_01048.jpg,samm/011/011_5_1/011_5_01070.jpg,samm/011/011_5_1/011_5_01088.jpg,samm_011
samm,11,011_5_1,0,1048,1072,1088,samm/011/011_5_1/011_5_01048.jpg,samm/011/011_5_1/011_5_01072.jpg,samm/011/011_5_1/011_5_01088.jpg,samm_011
samm,11,011_5_1,0,1048,1073,1088,samm/011/011_5_1/011_5_01048.jpg,samm/011/011_5_1/011_5_01073.jpg,samm/011/011_5_1/011_5_01088.jpg,samm_011
samm,11,011_6_1,0,4422,4461,4486,samm/011/011_6_1/011_6_04422.jpg,samm/011/011_6_1/011_6_04461.jpg,samm/011/011_6_1/011_6_04486.jpg,samm_011
samm,11,011_6_1,0,4422,4462,4486,samm/011/011_6_1/011_6_04422.jpg,samm/011/011_6_1/011_6_04462.jpg,samm/011/011_6_1/011_6_04486.jpg,samm_011
samm,11,011_6_1,0,4422,4464,4486,samm/011/011_6_1/011_6_04422.jpg,samm/011/011_6_1/011_6_04464.jpg,samm/011/011_6_1/011_6_04486.jpg,samm_011
samm,11,011_6_1,0,4422,4465,4486,samm/011/011_6_1/011_6_04422.jpg,samm/011/011_6_1/011_6_04465.jpg,samm/011/011_6_1/011_6_04486.jpg,samm_011
samm,11,011_6_13,1,4523,4583,4619,samm/011/011_6_13/011_6_04523.jpg,samm/011/011_6_13/011_6_04583.jpg,samm/011/011_6_13/011_6_04619.jpg,samm_011
samm,11,011_6_13,1,4523,4584,4619,samm/011/011_6_13/011_6_04523.jpg,samm/011/011_6_13/011_6_04584.jpg,samm/011/011_6_13/011_6_04619.jpg,samm_011
samm,11,011_6_13,1,4523,4586,4619,samm/011/011_6_13/011_6_04523.jpg,samm/011/011_6_13/011_6_04586.jpg,samm/011/011_6_13/011_6_04619.jpg,samm_011
samm,11,011_6_13,1,4523,4587,4619,samm/011/011_6_13/011_6_04523.jpg,samm/011/011_6_13/011_6_04587.jpg,samm/011/011_6_13/011_6_04619.jpg,samm_011
samm,11,011_6_5,1,2504,2569,2602,samm/011/011_6_5/011_6_02504.jpg,samm/011/011_6_5/011_6_02569.jpg,samm/011/011_6_5/011_6_02602.jpg,samm_011
samm,11,011_6_5,1,2504,2570,2602,samm/011/011_6_5/011_6_02504.jpg,samm/011/011_6_5/011_6_02570.jpg,samm/011/011_6_5/011_6_02602.jpg,samm_011
samm,11,011_6_5,1,2504,2572,2602,samm/011/011_6_5/011_6_02504.jpg,samm/011/011_6_5/011_6_02572.jpg,samm/011/011_6_5/011_6_02602.jpg,samm_011
samm,11,011_6_5,1,2504,2573,2602,samm/011/011_6_5/011_6_02504.jpg,samm/011/011_6_5/011_6_02573.jpg,samm/011/011_6_5/011_6_02602.jpg,samm_011
samm,11,011_6_6,1,2607,2647,2680,samm/011/011_6_6/011_6_02607.jpg,samm/011/011_6_6/011_6_02647.jpg,samm/011/011_6_6/011_6_02680.jpg,samm_011
samm,11,011_6_6,1,2607,2648,2680,samm/011/011_6_6/011_6_02607.jpg,samm/011/011_6_6/011_6_02648.jpg,samm/011/011_6_6/011_6_02680.jpg,samm_011
samm,11,011_6_6,1,2607,2650,2680,samm/011/011_6_6/011_6_02607.jpg,samm/011/011_6_6/011_6_02650.jpg,samm/011/011_6_6/011_6_02680.jpg,samm_011
samm,11,011_6_6,1,2607,2651,2680,samm/011/011_6_6/011_6_02607.jpg,samm/011/011_6_6/011_6_02651.jpg,samm/011/011_6_6/011_6_02680.jpg,samm_011
samm,11,011_7_1,0,1220,1234,1269,samm/011/011_7_1/011_7_01220.jpg,samm/011/011_7_1/011_7_01234.jpg,samm/011/011_7_1/011_7_01269.jpg,samm_011
samm,11,011_7_1,0,1220,1235,1269,samm/011/011_7_1/011_7_01220.jpg,samm/011/011_7_1/011_7_01235.jpg,samm/011/011_7_1/011_7_01269.jpg,samm_011
samm,11,011_7_1,0,1220,1237,1269,samm/011/011_7_1/011_7_01220.jpg,samm/011/011_7_1/011_7_01237.jpg,samm/011/011_7_1/011_7_01269.jpg,samm_011
samm,11,011_7_1,0,1220,1238,1269,samm/011/011_7_1/011_7_01220.jpg,samm/011/011_7_1/011_7_01238.jpg,samm/011/011_7_1/011_7_01269.jpg,samm_011
samm,11,011_7_10,0,3599,3628,3680,samm/011/011_7_10/011_7_03599.jpg,samm/011/011_7_10/011_7_03628.jpg,samm/011/011_7_10/011_7_03680.jpg,samm_011
samm,11,011_7_10,0,3599,3629,3680,samm/011/011_7_10/011_7_03599.jpg,samm/011/011_7_10/011_7_03629.jpg,samm/011/011_7_10/011_7_03680.jpg,samm_011
samm,11,011_7_10,0,3599,3631,3680,samm/011/011_7_10/011_7_03599.jpg,samm/011/011_7_10/011_7_03631.jpg,samm/011/011_7_10/011_7_03680.jpg,samm_011
samm,11,011_7_10,0,3599,3632,3680,samm/011/011_7_10/011_7_03599.jpg,samm/011/011_7_10/011_7_03632.jpg,samm/011/011_7_10/011_7_03680.jpg,samm_011
samm,12,012_3_1,0,4621,4649,4676,samm/012/012_3_1/012_3_04621.jpg,samm/012/012_3_1/012_3_04649.jpg,samm/012/012_3_1/012_3_04676.jpg,samm_012
samm,12,012_3_1,0,4621,4650,4676,samm/012/012_3_1/012_3_04621.jpg,samm/012/012_3_1/012_3_04650.jpg,samm/012/012_3_1/012_3_04676.jpg,samm_012
samm,12,012_3_1,0,4621,4652,4676,samm/012/012_3_1/012_3_04621.jpg,samm/012/012_3_1/012_3_04652.jpg,samm/012/012_3_1/012_3_04676.jpg,samm_012
samm,12,012_3_1,0,4621,4653,4676,samm/012/012_3_1/012_3_04621.jpg,samm/012/012_3_1/012_3_04653.jpg,samm/012/012_3_1/012_3_04676.jpg,samm_012
samm,12,012_3_2,0,4697,4733,4796,samm/012/012_3_2/012_3_04697.jpg,samm/012/012_3_2/012_3_04733.jpg,samm/012/012_3_2/012_3_04796.jpg,samm_012
samm,12,012_3_2,0,4697,4734,4796,samm/012/012_3_2/012_3_04697.jpg,samm/012/012_3_2/012_3_04734.jpg,samm/012/012_3_2/012_3_04796.jpg,samm_012
samm,12,012_3_2,0,4697,4736,4796,samm/012/012_3_2/012_3_04697.jpg,samm/012/012_3_2/012_3_04736.jpg,samm/012/012_3_2/012_3_04796.jpg,samm_012
samm,12,012_3_2,0,4697,4737,4796,samm/012/012_3_2/012_3_04697.jpg,samm/012/012_3_2/012_3_04737.jpg,samm/012/012_3_2/012_3_04796.jpg,samm_012
samm,12,012_7_1,2,871,887,923,samm/012/012_7_1/012_7_00871.jpg,samm/012/012_7_1/012_7_00887.jpg,samm/012/012_7_1/012_7_00923.jpg,samm_012
samm,12,012_7_1,2,871,888,923,samm/012/012_7_1/012_7_00871.jpg,samm/012/012_7_1/012_7_00888.jpg,samm/012/012_7_1/012_7_00923.jpg,samm_012
samm,12,012_7_1,2,871,890,923,samm/012/012_7_1/012_7_00871.jpg,samm/012/012_7_1/012_7_00890.jpg,samm/012/012_7_1/012_7_00923.jpg,samm_012
samm,12,012_7_1,2,871,891,923,samm/012/012_7_1/012_7_00871.jpg,samm/012/012_7_1/012_7_00891.jpg,samm/012/012_7_1/012_7_00923.jpg,samm_012
samm,13,013_1_10,0,3802,3822,3890,samm/013/013_1_10/013_1_03802.jpg,samm/013/013_1_10/013_1_03822.jpg,samm/013/013_1_10/013_1_03890.jpg,samm_013
samm,13,013_1_10,0,3802,3823,3890,samm/013/013_1_10/013_1_03802.jpg,samm/013/013_1_10/013_1_03823.jpg,samm/013/013_1_10/013_1_03890.jpg,samm_013
samm,13,013_1_10,0,3802,3825,3890,samm/013/013_1_10/013_1_03802.jpg,samm/013/013_1_10/013_1_03825.jpg,samm/013/013_1_10/013_1_03890.jpg,samm_013
samm,13,013_1_10,0,3802,3826,3890,samm/013/013_1_10/013_1_03802.jpg,samm/013/013_1_10/013_1_03826.jpg,samm/013/013_1_10/013_1_03890.jpg,samm_013
samm,13,013_1_11,0,4490,4542,4582,samm/013/013_1_11/013_1_04490.jpg,samm/013/013_1_11/013_1_04542.jpg,samm/013/013_1_11/013_1_04582.jpg,samm_013
samm,13,013_1_11,0,4490,4543,4582,samm/013/013_1_11/013_1_04490.jpg,samm/013/013_1_11/013_1_04543.jpg,samm/013/013_1_11/013_1_04582.jpg,samm_013
samm,13,013_1_11,0,4490,4545,4582,samm/013/013_1_11/013_1_04490.jpg,samm/013/013_1_11/013_1_04545.jpg,samm/013/013_1_11/013_1_04582.jpg,samm_013
samm,13,013_1_11,0,4490,4546,4582,samm/013/013_1_11/013_1_04490.jpg,samm/013/013_1_11/013_1_04546.jpg,samm/013/013_1_11/013_1_04582.jpg,samm_013
samm,13,013_1_12,0,706,737,802,samm/013/013_1_12/013_1_00706.jpg,samm/013/013_1_12/013_1_00737.jpg,samm/013/013_1_12/013_1_00802.jpg,samm_013
samm,13,013_1_12,0,706,738,802,samm/013/013_1_12/013_1_00706.jpg,samm/013/013_1_12/013_1_00738.jpg,samm/013/013_1_12/013_1_00802.jpg,samm_013
samm,13,013_1_12,0,706,740,802,samm/013/013_1_12/013_1_00706.jpg,samm/013/013_1_12/013_1_00740.jpg,samm/013/013_1_12/013_1_00802.jpg,samm_013
samm,13,013_1_12,0,706,741,802,samm/013/013_1_12/013_1_00706.jpg,samm/013/013_1_12/013_1_00741.jpg,samm/013/013_1_12/013_1_00802.jpg,samm_013
samm,13,013_1_8,0,841,865,919,samm/013/013_1_8/013_1_00841.jpg,samm/013/013_1_8/013_1_00865.jpg,samm/013/013_1_8/013_1_00919.jpg,samm_013
samm,13,013_1_8,0,841,866,919,samm/013/013_1_8/013_1_00841.jpg,samm/013/013_1_8/013_1_00866.jpg,samm/013/013_1_8/013_1_00919.jpg,samm_013
samm,13,013_1_8,0,841,868,919,samm/013/013_1_8/013_1_00841.jpg,samm/013/013_1_8/013_1_00868.jpg,samm/013/013_1_8/013_1_00919.jpg,samm_013
samm,13,013_1_8,0,841,869,919,samm/013/013_1_8/013_1_00841.jpg,samm/013/013_1_8/013_1_00869.jpg,samm/013/013_1_8/013_1_00919.jpg,samm_013
samm,13,013_1_9,0,5658,5678,5739,samm/013/013_1_9/013_1_05658.jpg,samm/013/013_1_9/013_1_05678.jpg,samm/013/013_1_9/013_1_05739.jpg,samm_013
samm,13,013_1_9,0,5658,5679,5739,samm/013/013_1_9/013_1_05658.jpg,samm/013/013_1_9/013_1_05679.jpg,samm/013/013_1_9/013_1_05739.jpg,samm_013
samm,13,013_1_9,0,5658,5681,5739,samm/013/013_1_9/013_1_05658.jpg,samm/013/013_1_9/013_1_05681.jpg,samm/013/013_1_9/013_1_05739.jpg,samm_013
samm,13,013_1_9,0,5658,5682,5739,samm/013/013_1_9/013_1_05658.jpg,samm/013/013_1_9/013_1_05682.jpg,samm/013/013_1_9/013_1_05739.jpg,samm_013
samm,13,013_7_7,0,2077,2133,2167,samm/013/013_7_7/013_7_02077.jpg,samm/013/013_7_7/013_7_02133.jpg,samm/013/013_7_7/013_7_02167.jpg,samm_013
samm,13,013_7_7,0,2077,2134,2167,samm/013/013_7_7/013_7_02077.jpg,samm/013/013_7_7/013_7_02134.jpg,samm/013/013_7_7/013_7_02167.jpg,samm_013
samm,13,013_7_7,0,2077,2136,2167,samm/013/013_7_7/013_7_02077.jpg,samm/013/013_7_7/013_7_02136.jpg,samm/013/013_7_7/013_7_02167.jpg,samm_013
samm,13,013_7_7,0,2077,2137,2167,samm/013/013_7_7/013_7_02077.jpg,samm/013/013_7_7/013_7_02137.jpg,samm/013/013_7_7/013_7_02167.jpg,samm_013
samm,14,014_1_1,0,2357,2380,2398,samm/014/014_1_1/014_1_02357.jpg,samm/014/014_1_1/014_1_02380.jpg,samm/014/014_1_1/014_1_02398.jpg,samm_014
samm,14,014_1_1,0,2357,2381,2398,samm/014/014_1_1/014_1_02357.jpg,samm/014/014_1_1/014_1_02381.jpg,samm/014/014_1_1/014_1_02398.jpg,samm_014
samm,14,014_1_1,0,2357,2383,2398,samm/014/014_1_1/014_1_02357.jpg,samm/014/014_1_1/014_1_02383.jpg,samm/014/014_1_1/014_1_02398.jpg,samm_014
samm,14,014_1_1,0,2357,2384,2398,samm/014/014_1_1/014_1_02357.jpg,samm/014/014_1_1/014_1_02384.jpg,samm/014/014_1_1/014_1_02398.jpg,samm_014
samm,14,014_2_3,2,4616,4643,4705,samm/014/014_2_3/014_2_04616.jpg,samm/014/014_2_3/014_2_04643.jpg,samm/014/014_2_3/014_2_04705.jpg,samm_014
samm,14,014_2_3,2,4616,4644,4705,samm/014/014_2_3/014_2_04616.jpg,samm/014/014_2_3/014_2_04644.jpg,samm/014/014_2_3/014_2_04705.jpg,samm_014
samm,14,014_2_3,2,4616,4646,4705,samm/014/014_2_3/014_2_04616.jpg,samm/014/014_2_3/014_2_04646.jpg,samm/014/014_2_3/014_2_04705.jpg,samm_014
samm,14,014_2_3,2,4616,4647,4705,samm/014/014_2_3/014_2_04616.jpg,samm/014/014_2_3/014_2_04647.jpg,samm/014/014_2_3/014_2_04705.jpg,samm_014
samm,14,014_2_4,1,3874,3923,3968,samm/014/014_2_4/014_2_03874.jpg,samm/014/014_2_4/014_2_03923.jpg,samm/014/014_2_4/014_2_03968.jpg,samm_014
samm,14,014_2_4,1,3874,3924,3968,samm/014/014_2_4/014_2_03874.jpg,samm/014/014_2_4/014_2_03924.jpg,samm/014/014_2_4/014_2_03968.jpg,samm_014
samm,14,014_2_4,1,3874,3926,3968,samm/014/014_2_4/014_2_03874.jpg,samm/014/014_2_4/014_2_03926.jpg,samm/014/014_2_4/014_2_03968.jpg,samm_014
samm,14,014_2_4,1,3874,3927,3968,samm/014/014_2_4/014_2_03874.jpg,samm/014/014_2_4/014_2_03927.jpg,samm/014/014_2_4/014_2_03968.jpg,samm_014
samm,14,014_3_3,1,1635,1644,1714,samm/014/014_3_3/014_3_01635.jpg,samm/014/014_3_3/014_3_01644.jpg,samm/014/014_3_3/014_3_01714.jpg,samm_014
samm,14,014_3_3,1,1635,1645,1714,samm/014/014_3_3/014_3_01635.jpg,samm/014/014_3_3/014_3_01645.jpg,samm/014/014_3_3/014_3_01714.jpg,samm_014
samm,14,014_3_3,1,1635,1647,1714,samm/014/014_3_3/014_3_01635.jpg,samm/014/014_3_3/014_3_01647.jpg,samm/014/014_3_3/014_3_01714.jpg,samm_014
samm,14,014_3_3,1,1635,1648,1714,samm/014/014_3_3/014_3_01635.jpg,samm/014/014_3_3/014_3_01648.jpg,samm/014/014_3_3/014_3_01714.jpg,samm_014
samm,14,014_3_4,1,426,455,523,samm/014/014_3_4/014_3_00426.jpg,samm/014/014_3_4/014_3_00455.jpg,samm/014/014_3_4/014_3_00523.jpg,samm_014
samm,14,014_3_4,1,426,456,523,samm/014/014_3_4/014_3_00426.jpg,samm/014/014_3_4/014_3_00456.jpg,samm/014/014_3_4/014_3_00523.jpg,samm_014
samm,14,014_3_4,1,426,458,523,samm/014/014_3_4/014_3_00426.jpg,samm/014/014_3_4/014_3_00458.jpg,samm/014/014_3_4/014_3_00523.jpg,samm_014
samm,14,014_3_4,1,426,459,523,samm/014/014_3_4/014_3_00426.jpg,samm/014/014_3_4/014_3_00459.jpg,samm/014/014_3_4/014_3_00523.jpg,samm_014
samm,14,014_5_2,0,469,496,557,samm/014/014_5_2/014_5_00469.jpg,samm/014/014_5_2/014_5_00496.jpg,samm/014/014_5_2/014_5_00557.jpg,samm_014
samm,14,014_5_2,0,469,497,557,samm/014/014_5_2/014_5_00469.jpg,samm/014/014_5_2/014_5_00497.jpg,samm/014/014_5_2/014_5_00557.jpg,samm_014
samm,14,014_5_2,0,469,499,557,samm/014/014_5_2/014_5_00469.jpg,samm/014/014_5_2/014_5_00499.jpg,samm/014/014_5_2/014_5_00557.jpg,samm_014
samm,14,014_5_2,0,469,500,557,samm/014/014_5_2/014_5_00469.jpg,samm/014/014_5_2/014_5_00500.jpg,samm/014/014_5_2/014_5_00557.jpg,samm_014
samm,14,014_6_1,1,1316,1332,1350,samm/014/014_6_1/014_6_01316.jpg,samm/014/014_6_1/014_6_01332.jpg,samm/014/014_6_1/014_6_01350.jpg,samm_014
samm,14,014_6_1,1,1316,1333,1350,samm/014/014_6_1/014_6_01316.jpg,samm/014/014_6_1/014_6_01333.jpg,samm/014/014_6_1/014_6_01350.jpg,samm_014
samm,14,014_6_1,1,1316,1335,1350,samm/014/014_6_1/014_6_01316.jpg,samm/014/014_6_1/014_6_01335.jpg,samm/014/014_6_1/014_6_01350.jpg,samm_014
samm,14,014_6_1,1,1316,1336,1350,samm/014/014_6_1/014_6_01316.jpg,samm/014/014_6_1/014_6_01336.jpg,samm/014/014_6_1/014_6_01350.jpg,samm_014
samm,14,014_6_2,1,1190,1219,1253,samm/014/014_6_2/014_6_01190.jpg,samm/014/014_6_2/014_6_01219.jpg,samm/014/014_6_2/014_6_01253.jpg,samm_014
samm,14,014_6_2,1,1190,1220,1253,samm/014/014_6_2/014_6_01190.jpg,samm/014/014_6_2/014_6_01220.jpg,samm/014/014_6_2/014_6_01253.jpg,samm_014
samm,14,014_6_2,1,1190,1222,1253,samm/014/014_6_2/014_6_01190.jpg,samm/014/014_6_2/014_6_01222.jpg,samm/014/014_6_2/014_6_01253.jpg,samm_014
samm,14,014_6_2,1,1190,1223,1253,samm/014/014_6_2/014_6_01190.jpg,samm/014/014_6_2/014_6_01223.jpg,samm/014/014_6_2/014_6_01253.jpg,samm_014
samm,14,014_6_3,1,128,169,196,samm/014/014_6_3/014_6_00128.jpg,samm/014/014_6_3/014_6_00169.jpg,samm/014/014_6_3/014_6_00196.jpg,samm_014
samm,14,014_6_3,1,128,170,196,samm/014/014_6_3/014_6_00128.jpg,samm/014/014_6_3/014_6_00170.jpg,samm/014/014_6_3/014_6_00196.jpg,samm_014
samm,14,014_6_3,1,128,172,196,samm/014/014_6_3/014_6_00128.jpg,samm/014/014_6_3/014_6_00172.jpg,samm/014/014_6_3/014_6_00196.jpg,samm_014
samm,14,014_6_3,1,128,173,196,samm/014/014_6_3/014_6_00128.jpg,samm/014/014_6_3/014_6_00173.jpg,samm/014/014_6_3/014_6_00196.jpg,samm_014
samm,14,014_7_1,1,3529,3558,3598,samm/014/014_7_1/014_7_03529.jpg,samm/014/014_7_1/014_7_03558.jpg,samm/014/014_7_1/014_7_03598.jpg,samm_014
samm,14,014_7_1,1,3529,3559,3598,samm/014/014_7_1/014_7_03529.jpg,samm/014/014_7_1/014_7_03559.jpg,samm/014/014_7_1/014_7_03598.jpg,samm_014
samm,14,014_7_1,1,3529,3561,3598,samm/014/014_7_1/014_7_03529.jpg,samm/014/014_7_1/014_7_03561.jpg,samm/014/014_7_1/014_7_03598.jpg,samm_014
samm,14,014_7_1,1,3529,3562,3598,samm/014/014_7_1/014_7_03529.jpg,samm/014/014_7_1/014_7_03562.jpg,samm/014/014_7_1/014_7_03598.jpg,samm_014
samm,15,015_5_1,0,880,904,942,samm/015/015_5_1/015_5_00880.jpg,samm/015/015_5_1/015_5_00904.jpg,samm/015/015_5_1/015_5_00942.jpg,samm_015
samm,15,015_5_1,0,880,905,942,samm/015/015_5_1/015_5_00880.jpg,samm/015/015_5_1/015_5_00905.jpg,samm/015/015_5_1/015_5_00942.jpg,samm_015
samm,15,015_5_1,0,880,907,942,samm/015/015_5_1/015_5_00880.jpg,samm/015/015_5_1/015_5_00907.jpg,samm/015/015_5_1/015_5_00942.jpg,samm_015
samm,15,015_5_1,0,880,908,942,samm/015/015_5_1/015_5_00880.jpg,samm/015/015_5_1/015_5_00908.jpg,samm/015/015_5_1/015_5_00942.jpg,samm_015
samm,15,015_5_2,0,1087,1113,1159,samm/015/015_5_2/015_5_01087.jpg,samm/015/015_5_2/015_5_01113.jpg,samm/015/015_5_2/015_5_01159.jpg,samm_015
samm,15,015_5_2,0,1087,1114,1159,samm/015/015_5_2/015_5_01087.jpg,samm/015/015_5_2/015_5_01114.jpg,samm/015/015_5_2/015_5_01159.jpg,samm_015
samm,15,015_5_2,0,1087,1116,1159,samm/015/015_5_2/015_5_01087.jpg,samm/015/015_5_2/015_5_01116.jpg,samm/015/015_5_2/015_5_01159.jpg,samm_015
samm,15,015_5_2,0,1087,1117,1159,samm/015/015_5_2/015_5_01087.jpg,samm/015/015_5_2/015_5_01117.jpg,samm/015/015_5_2/015_5_01159.jpg,samm_015
samm,15,015_5_3,2,550,571,627,samm/015/015_5_3/015_5_00550.jpg,samm/015/015_5_3/015_5_00571.jpg,samm/015/015_5_3/015_5_00627.jpg,samm_015
samm,15,015_5_3,2,550,572,627,samm/015/015_5_3/015_5_00550.jpg,samm/015/015_5_3/015_5_00572.jpg,samm/015/015_5_3/015_5_00627.jpg,samm_015
samm,15,015_5_3,2,550,574,627,samm/015/015_5_3/015_5_00550.jpg,samm/015/015_5_3/015_5_00574.jpg,samm/015/015_5_3/015_5_00627.jpg,samm_015
samm,15,015_5_3,2,550,575,627,samm/015/015_5_3/015_5_00550.jpg,samm/015/015_5_3/015_5_00575.jpg,samm/015/015_5_3/015_5_00627.jpg,samm_015
samm,16,016_7_1,0,1275,1297,1323,samm/016/016_7_1/016_7_01275.jpg,samm/016/016_7_1/016_7_01297.jpg,samm/016/016_7_1/016_7_01323.jpg,samm_016
samm,16,016_7_1,0,1275,1298,1323,samm/016/016_7_1/016_7_01275.jpg,samm/016/016_7_1/016_7_01298.jpg,samm/016/016_7_1/016_7_01323.jpg,samm_016
samm,16,016_7_1,0,1275,1300,1323,samm/016/016_7_1/016_7_01275.jpg,samm/016/016_7_1/016_7_01300.jpg,samm/016/016_7_1/016_7_01323.jpg,samm_016
samm,16,016_7_1,0,1275,1301,1323,samm/016/016_7_1/016_7_01275.jpg,samm/016/016_7_1/016_7_01301.jpg,samm/016/016_7_1/016_7_01323.jpg,samm_016
samm,16,016_7_2,2,2840,2852,2892,samm/016/016_7_2/016_7_02840.jpg,samm/016/016_7_2/016_7_02852.jpg,samm/016/016_7_2/016_7_02892.jpg,samm_016
samm,16,016_7_2,2,2840,2853,2892,samm/016/016_7_2/016_7_02840.jpg,samm/016/016_7_2/016_7_02853.jpg,samm/016/016_7_2/016_7_02892.jpg,samm_016
samm,16,016_7_2,2,2840,2855,2892,samm/016/016_7_2/016_7_02840.jpg,samm/016/016_7_2/016_7_02855.jpg,samm/016/016_7_2/016_7_02892.jpg,samm_016
samm,16,016_7_2,2,2840,2856,2892,samm/016/016_7_2/016_7_02840.jpg,samm/016/016_7_2/016_7_02856.jpg,samm/016/016_7_2/016_7_02892.jpg,samm_016
samm,16,016_7_3,0,3395,3419,3447,samm/016/016_7_3/016_7_03395.jpg,samm/016/016_7_3/016_7_03419.jpg,samm/016/016_7_3/016_7_03447.jpg,samm_016
samm,16,016_7_3,0,3395,3420,3447,samm/016/016_7_3/016_7_03395.jpg,samm/016/016_7_3/016_7_03420.jpg,samm/016/016_7_3/016_7_03447.jpg,samm_016
samm,16,016_7_3,0,3395,3422,3447,samm/016/016_7_3/016_7_03395.jpg,samm/016/016_7_3/016_7_03422.jpg,samm/016/016_7_3/016_7_03447.jpg,samm_016
samm,16,016_7_3,0,3395,3423,3447,samm/016/016_7_3/016_7_03395.jpg,samm/016/016_7_3/016_7_03423.jpg,samm/016/016_7_3/016_7_03447.jpg,samm_016
samm,16,016_7_5,2,5120,5153,5207,samm/016/016_7_5/016_7_05120.jpg,samm/016/016_7_5/016_7_05153.jpg,samm/016/016_7_5/016_7_05207.jpg,samm_016
samm,16,016_7_5,2,5120,5154,5207,samm/016/016_7_5/016_7_05120.jpg,samm/016/016_7_5/016_7_05154.jpg,samm/016/016_7_5/016_7_05207.jpg,samm_016
samm,16,016_7_5,2,5120,5156,5207,samm/016/016_7_5/016_7_05120.jpg,samm/016/016_7_5/016_7_05156.jpg,samm/016/016_7_5/016_7_05207.jpg,samm_016
samm,16,016_7_5,2,5120,5157,5207,samm/016/016_7_5/016_7_05120.jpg,samm/016/016_7_5/016_7_05157.jpg,samm/016/016_7_5/016_7_05207.jpg,samm_016
samm,16,016_7_8,1,11256,11322,11349,samm/016/016_7_8/016_7_11256.jpg,samm/016/016_7_8/016_7_11322.jpg,samm/016/016_7_8/016_7_11349.jpg,samm_016
samm,16,016_7_8,1,11256,11323,11349,samm/016/016_7_8/016_7_11256.jpg,samm/016/016_7_8/016_7_11323.jpg,samm/016/016_7_8/016_7_11349.jpg,samm_016
samm,16,016_7_8,1,11256,11325,11349,samm/016/016_7_8/016_7_11256.jpg,samm/016/016_7_8/016_7_11325.jpg,samm/016/016_7_8/016_7_11349.jpg,samm_016
samm,16,016_7_8,1,11256,11326,11349,samm/016/016_7_8/016_7_11256.jpg,samm/016/016_7_8/016_7_11326.jpg,samm/016/016_7_8/016_7_11349.jpg,samm_016
samm,17,017_3_1,0,312,335,387,samm/017/017_3_1/017_3_00312.jpg,samm/017/017_3_1/017_3_00335.jpg,samm/017/017_3_1/017_3_00387.jpg,samm_017
samm,17,017_3_1,0,312,336,387,samm/017/017_3_1/017_3_00312.jpg,samm/017/017_3_1/017_3_00336.jpg,samm/017/017_3_1/017_3_00387.jpg,samm_017
samm,17,017_3_1,0,312,338,387,samm/017/017_3_1/017_3_00312.jpg,samm/017/017_3_1/017_3_00338.jpg,samm/017/017_3_1/017_3_00387.jpg,samm_017
samm,17,017_3_1,0,312,339,387,samm/017/017_3_1/017_3_00312.jpg,samm/017/017_3_1/017_3_00339.jpg,samm/017/017_3_1/017_3_00387.jpg,samm_017
samm,17,017_3_2,2,83,114,165,samm/017/017_3_2/017_3_00083.jpg,samm/017/017_3_2/017_3_00114.jpg,samm/017/017_3_2/017_3_00165.jpg,samm_017
samm,17,017_3_2,2,83,115,165,samm/017/017_3_2/017_3_00083.jpg,samm/017/017_3_2/017_3_00115.jpg,samm/017/017_3_2/017_3_00165.jpg,samm_017
samm,17,017_3_2,2,83,117,165,samm/017/017_3_2/017_3_00083.jpg,samm/017/017_3_2/017_3_00117.jpg,samm/017/017_3_2/017_3_00165.jpg,samm_017
samm,17,017_3_2,2,83,118,165,samm/017/017_3_2/017_3_00083.jpg,samm/017/017_3_2/017_3_00118.jpg,samm/017/017_3_2/017_3_00165.jpg,samm_017
samm,17,017_3_4,0,174,197,264,samm/017/017_3_4/017_3_00174.jpg,samm/017/017_3_4/017_3_00197.jpg,samm/017/017_3_4/017_3_00264.jpg,samm_017
samm,17,017_3_4,0,174,198,264,samm/017/017_3_4/017_3_00174.jpg,samm/017/017_3_4/017_3_00198.jpg,samm/017/017_3_4/017_3_00264.jpg,samm_017
samm,17,017_3_4,0,174,200,264,samm/017/017_3_4/017_3_00174.jpg,samm/017/017_3_4/017_3_00200.jpg,samm/017/017_3_4/017_3_00264.jpg,samm_017
samm,17,017_3_4,0,174,201,264,samm/017/017_3_4/017_3_00174.jpg,samm/017/017_3_4/017_3_00201.jpg,samm/017/017_3_4/017_3_00264.jpg,samm_017
samm,17,017_6_1,0,607,641,678,samm/017/017_6_1/017_6_00607.jpg,samm/017/017_6_1/017_6_00641.jpg,samm/017/017_6_1/017_6_00678.jpg,samm_017
samm,17,017_6_1,0,607,642,678,samm/017/017_6_1/017_6_00607.jpg,samm/017/017_6_1/017_6_00642.jpg,samm/017/017_6_1/017_6_00678.jpg,samm_017
samm,17,017_6_1,0,607,644,678,samm/017/017_6_1/017_6_00607.jpg,samm/017/017_6_1/017_6_00644.jpg,samm/017/017_6_1/017_6_00678.jpg,samm_017
samm,17,017_6_1,0,607,645,678,samm/017/017_6_1/017_6_00607.jpg,samm/017/017_6_1/017_6_00645.jpg,samm/017/017_6_1/017_6_00678.jpg,samm_017
samm,18,018_3_1,0,1405,1454,1500,samm/018/018_3_1/018_3_01405.jpg,samm/018/018_3_1/018_3_01454.jpg,samm/018/018_3_1/018_3_01500.jpg,samm_018
samm,18,018_3_1,0,1405,1455,1500,samm/018/018_3_1/018_3_01405.jpg,samm/018/018_3_1/018_3_01455.jpg,samm/018/018_3_1/018_3_01500.jpg,samm_018
samm,18,018_3_1,0,1405,1457,1500,samm/018/018_3_1/018_3_01405.jpg,samm/018/018_3_1/018_3_01457.jpg,samm/018/018_3_1/018_3_01500.jpg,samm_018
samm,18,018_3_1,0,1405,1458,1500,samm/018/018_3_1/018_3_01405.jpg,samm/018/018_3_1/018_3_01458.jpg,samm/018/018_3_1/018_3_01500.jpg,samm_018
samm,18,018_5_1,0,5491,5524,5560,samm/018/018_5_1/018_5_05491.jpg,samm/018/018_5_1/018_5_05524.jpg,samm/018/018_5_1/018_5_05560.jpg,samm_018
samm,18,018_5_1,0,5491,5525,5560,samm/018/018_5_1/018_5_05491.jpg,samm/018/018_5_1/018_5_05525.jpg,samm/018/018_5_1/018_5_05560.jpg,samm_018
samm,18,018_5_1,0,5491,5527,5560,samm/018/018_5_1/018_5_05491.jpg,samm/018/018_5_1/018_5_05527.jpg,samm/018/018_5_1/018_5_05560.jpg,samm_018
samm,18,018_5_1,0,5491,5528,5560,samm/018/018_5_1/018_5_05491.jpg,samm/018/018_5_1/018_5_05528.jpg,samm/018/018_5_1/018_5_05560.jpg,samm_018
samm,18,018_7_1,2,133,154,175,samm/018/018_7_1/018_7_00133.jpg,samm/018/018_7_1/018_7_00154.jpg,samm/018/018_7_1/018_7_00175.jpg,samm_018
samm,18,018_7_1,2,133,155,175,samm/018/018_7_1/018_7_00133.jpg,samm/018/018_7_1/018_7_00155.jpg,samm/018/018_7_1/018_7_00175.jpg,samm_018
samm,18,018_7_1,2,133,157,175,samm/018/018_7_1/018_7_00133.jpg,samm/018/018_7_1/018_7_00157.jpg,samm/018/018_7_1/018_7_00175.jpg,samm_018
samm,18,018_7_1,2,133,158,175,samm/018/018_7_1/018_7_00133.jpg,samm/018/018_7_1/018_7_00158.jpg,samm/018/018_7_1/018_7_00175.jpg,samm_018
samm,19,019_4_1,1,496,515,550,samm/019/019_4_1/019_4_00496.jpg,samm/019/019_4_1/019_4_00515.jpg,samm/019/019_4_1/019_4_00550.jpg,samm_019
samm,19,019_4_1,1,496,516,550,samm/019/019_4_1/019_4_00496.jpg,samm/019/019_4_1/019_4_00516.jpg,samm/019/019_4_1/019_4_00550.jpg,samm_019
samm,19,019_4_1,1,496,518,550,samm/019/019_4_1/019_4_00496.jpg,samm/019/019_4_1/019_4_00518.jpg,samm/019/019_4_1/019_4_00550.jpg,samm_019
samm,19,019_4_1,1,496,519,550,samm/019/019_4_1/019_4_00496.jpg,samm/019/019_4_1/019_4_00519.jpg,samm/019/019_4_1/019_4_00550.jpg,samm_019
samm,20,020_4_1,0,3440,3467,3497,samm/020/020_4_1/020_4_03440.jpg,samm/020/020_4_1/020_4_03467.jpg,samm/020/020_4_1/020_4_03497.jpg,samm_020
samm,20,020_4_1,0,3440,3468,3497,samm/020/020_4_1/020_4_03440.jpg,samm/020/020_4_1/020_4_03468.jpg,samm/020/020_4_1/020_4_03497.jpg,samm_020
samm,20,020_4_1,0,3440,3470,3497,samm/020/020_4_1/020_4_03440.jpg,samm/020/020_4_1/020_4_03470.jpg,samm/020/020_4_1/020_4_03497.jpg,samm_020
samm,20,020_4_1,0,3440,3471,3497,samm/020/020_4_1/020_4_03440.jpg,samm/020/020_4_1/020_4_03471.jpg,samm/020/020_4_1/020_4_03497.jpg,samm_020
samm,20,020_4_2,1,1482,1514,1528,samm/020/020_4_2/020_4_01482.jpg,samm/020/020_4_2/020_4_01514.jpg,samm/020/020_4_2/020_4_01528.jpg,samm_020
samm,20,020_4_2,1,1482,1515,1528,samm/020/020_4_2/020_4_01482.jpg,samm/020/020_4_2/020_4_01515.jpg,samm/020/020_4_2/020_4_01528.jpg,samm_020
samm,20,020_4_2,1,1482,1517,1528,samm/020/020_4_2/020_4_01482.jpg,samm/020/020_4_2/020_4_01517.jpg,samm/020/020_4_2/020_4_01528.jpg,samm_020
samm,20,020_4_2,1,1482,1518,1528,samm/020/020_4_2/020_4_01482.jpg,samm/020/020_4_2/020_4_01518.jpg,samm/020/020_4_2/020_4_01528.jpg,samm_020
samm,20,020_7_1,0,8518,8549,8577,samm/020/020_7_1/020_7_08518.jpg,samm/020/020_7_1/020_7_08549.jpg,samm/020/020_7_1/020_7_08577.jpg,samm_020
samm,20,020_7_1,0,8518,8550,8577,samm/020/020_7_1/020_7_08518.jpg,samm/020/020_7_1/020_7_08550.jpg,samm/020/020_7_1/020_7_08577.jpg,samm_020
samm,20,020_7_1,0,8518,8552,8577,samm/020/020_7_1/020_7_08518.jpg,samm/020/020_7_1/020_7_08552.jpg,samm/020/020_7_1/020_7_08577.jpg,samm_020
samm,20,020_7_1,0,8518,8553,8577,samm/020/020_7_1/020_7_08518.jpg,samm/020/020_7_1/020_7_08553.jpg,samm/020/020_7_1/020_7_08577.jpg,samm_020
samm,20,020_7_10,1,9071,9138,9165,samm/020/020_7_10/020_7_09071.jpg,samm/020/020_7_10/020_7_09138.jpg,samm/020/020_7_10/020_7_09165.jpg,samm_020
samm,20,020_7_10,1,9071,9139,9165,samm/020/020_7_10/020_7_09071.jpg,samm/020/020_7_10/020_7_09139.jpg,samm/020/020_7_10/020_7_09165.jpg,samm_020
samm,20,020_7_10,1,9071,9141,9165,samm/020/020_7_10/020_7_09071.jpg,samm/020/020_7_10/020_7_09141.jpg,samm/020/020_7_10/020_7_09165.jpg,samm_020
samm,20,020_7_10,1,9071,9142,9165,samm/020/020_7_10/020_7_09071.jpg,samm/020/020_7_10/020_7_09142.jpg,samm/020/020_7_10/020_7_09165.jpg,samm_020
samm,21,021_7_1,0,3589,3619,3646,samm/021/021_7_1/021_7_03589.jpg,samm/021/021_7_1/021_7_03619.jpg,samm/021/021_7_1/021_7_03646.jpg,samm_021
samm,21,021_7_1,0,3589,3620,3646,samm/021/021_7_1/021_7_03589.jpg,samm/021/021_7_1/021_7_03620.jpg,samm/021/021_7_1/021_7_03646.jpg,samm_021
samm,21,021_7_1,0,3589,3622,3646,samm/021/021_7_1/021_7_03589.jpg,samm/021/021_7_1/021_7_03622.jpg,samm/021/021_7_1/021_7_03646.jpg,samm_021
samm,21,021_7_1,0,3589,3623,3646,samm/021/021_7_1/021_7_03589.jpg,samm/021/021_7_1/021_7_03623.jpg,samm/021/021_7_1/021_7_03646.jpg,samm_021
samm,21,021_7_2,0,853,880,942,samm/021/021_7_2/021_7_00853.jpg,samm/021/021_7_2/021_7_00880.jpg,samm/021/021_7_2/021_7_00942.jpg,samm_021
samm,21,021_7_2,0,853,881,942,samm/021/021_7_2/021_7_00853.jpg,samm/021/021_7_2/021_7_00881.jpg,samm/021/021_7_2/021_7_00942.jpg,samm_021
samm,21,021_7_2,0,853,883,942,samm/021/021_7_2/021_7_00853.jpg,samm/021/021_7_2/021_7_00883.jpg,samm/021/021_7_2/021_7_00942.jpg,samm_021
samm,21,021_7_2,0,853,884,942,samm/021/021_7_2/021_7_00853.jpg,samm/021/021_7_2/021_7_00884.jpg,samm/021/021_7_2/021_7_00942.jpg,samm_021
samm,22,022_2_3,0,402,436,501,samm/022/022_2_3/022_2_00402.jpg,samm/022/022_2_3/022_2_00436.jpg,samm/022/022_2_3/022_2_00501.jpg,samm_022
samm,22,022_2_3,0,402,437,501,samm/022/022_2_3/022_2_00402.jpg,samm/022/022_2_3/022_2_00437.jpg,samm/022/022_2_3/022_2_00501.jpg,samm_022
samm,22,022_2_3,0,402,439,501,samm/022/022_2_3/022_2_00402.jpg,samm/022/022_2_3/022_2_00439.jpg,samm/022/022_2_3/022_2_00501.jpg,samm_022
samm,22,022_2_3,0,402,440,501,samm/022/022_2_3/022_2_00402.jpg,samm/022/022_2_3/022_2_00440.jpg,samm/022/022_2_3/022_2_00501.jpg,samm_022
samm,22,022_3_2,0,380,419,428,samm/022/022_3_2/022_3_00380.jpg,samm/022/022_3_2/022_3_00419.jpg,samm/022/022_3_2/022_3_00428.jpg,samm_022
samm,22,022_3_2,0,380,420,428,samm/022/022_3_2/022_3_00380.jpg,samm/022/022_3_2/022_3_00420.jpg,samm/022/022_3_2/022_3_00428.jpg,samm_022
samm,22,022_3_2,0,380,422,428,samm/022/022_3_2/022_3_00380.jpg,samm/022/022_3_2/022_3_00422.jpg,samm/022/022_3_2/022_3_00428.jpg,samm_022
samm,22,022_3_2,0,380,423,428,samm/022/022_3_2/022_3_00380.jpg,samm/022/022_3_2/022_3_00423.jpg,samm/022/022_3_2/022_3_00428.jpg,samm_022
samm,22,022_3_3,1,3659,3681,3697,samm/022/022_3_3/022_3_03659.jpg,samm/022/022_3_3/022_3_03681.jpg,samm/022/022_3_3/022_3_03697.jpg,samm_022
samm,22,022_3_3,1,3659,3682,3697,samm/022/022_3_3/022_3_03659.jpg,samm/022/022_3_3/022_3_03682.jpg,samm/022/022_3_3/022_3_03697.jpg,samm_022
samm,22,022_3_3,1,3659,3684,3697,samm/022/022_3_3/022_3_03659.jpg,samm/022/022_3_3/022_3_03684.jpg,samm/022/022_3_3/022_3_03697.jpg,samm_022
samm,22,022_3_3,1,3659,3685,3697,samm/022/022_3_3/022_3_03659.jpg,samm/022/022_3_3/022_3_03685.jpg,samm/022/022_3_3/022_3_03697.jpg,samm_022
samm,22,022_4_1,0,492,503,569,samm/022/022_4_1/022_4_00492.jpg,samm/022/022_4_1/022_4_00503.jpg,samm/022/022_4_1/022_4_00569.jpg,samm_022
samm,22,022_4_1,0,492,504,569,samm/022/022_4_1/022_4_00492.jpg,samm/022/022_4_1/022_4_00504.jpg,samm/022/022_4_1/022_4_00569.jpg,samm_022
samm,22,022_4_1,0,492,506,569,samm/022/022_4_1/022_4_00492.jpg,samm/022/022_4_1/022_4_00506.jpg,samm/022/022_4_1/022_4_00569.jpg,samm_022
samm,22,022_4_1,0,492,507,569,samm/022/022_4_1/022_4_00492.jpg,samm/022/022_4_1/022_4_00507.jpg,samm/022/022_4_1/022_4_00569.jpg,samm_022
samm,22,022_5_1,1,335,355,405,samm/022/022_5_1/022_5_00335.jpg,samm/022/022_5_1/022_5_00355.jpg,samm/022/022_5_1/022_5_00405.jpg,samm_022
samm,22,022_5_1,1,335,356,405,samm/022/022_5_1/022_5_00335.jpg,samm/022/022_5_1/022_5_00356.jpg,samm/022/022_5_1/022_5_00405.jpg,samm_022
samm,22,022_5_1,1,335,358,405,samm/022/022_5_1/022_5_00335.jpg,samm/022/022_5_1/022_5_00358.jpg,samm/022/022_5_1/022_5_00405.jpg,samm_022
samm,22,022_5_1,1,335,359,405,samm/022/022_5_1/022_5_00335.jpg,samm/022/022_5_1/022_5_00359.jpg,samm/022/022_5_1/022_5_00405.jpg,samm_022
samm,23,023_1_1,0,524,535,574,samm/023/023_1_1/023_1_00524.jpg,samm/023/023_1_1/023_1_00535.jpg,samm/023/023_1_1/023_1_00574.jpg,samm_023
samm,23,023_1_1,0,524,536,574,samm/023/023_1_1/023_1_00524.jpg,samm/023/023_1_1/023_1_00536.jpg,samm/023/023_1_1/023_1_00574.jpg,samm_023
samm,23,023_1_1,0,524,538,574,samm/023/023_1_1/023_1_00524.jpg,samm/023/023_1_1/023_1_00538.jpg,samm/023/023_1_1/023_1_00574.jpg,samm_023
samm,23,023_1_1,0,524,539,574,samm/023/023_1_1/023_1_00524.jpg,samm/023/023_1_1/023_1_00539.jpg,samm/023/023_1_1/023_1_00574.jpg,samm_023
samm,24,024_2_1,0,763,777,835,samm/024/024_2_1/024_2_00763.jpg,samm/024/024_2_1/024_2_00777.jpg,samm/024/024_2_1/024_2_00835.jpg,samm_024
samm,24,024_2_1,0,763,778,835,samm/024/024_2_1/024_2_00763.jpg,samm/024/024_2_1/024_2_00778.jpg,samm/024/024_2_1/024_2_00835.jpg,samm_024
samm,24,024_2_1,0,763,780,835,samm/024/024_2_1/024_2_00763.jpg,samm/024/024_2_1/024_2_00780.jpg,samm/024/024_2_1/024_2_00835.jpg,samm_024
samm,24,024_2_1,0,763,781,835,samm/024/024_2_1/024_2_00763.jpg,samm/024/024_2_1/024_2_00781.jpg,samm/024/024_2_1/024_2_00835.jpg,samm_024
samm,26,026_1_1,0,295,321,370,samm/026/026_1_1/026_1_00295.jpg,samm/026/026_1_1/026_1_00321.jpg,samm/026/026_1_1/026_1_00370.jpg,samm_026
samm,26,026_1_1,0,295,322,370,samm/026/026_1_1/026_1_00295.jpg,samm/026/026_1_1/026_1_00322.jpg,samm/026/026_1_1/026_1_00370.jpg,samm_026
samm,26,026_1_1,0,295,324,370,samm/026/026_1_1/026_1_00295.jpg,samm/026/026_1_1/026_1_00324.jpg,samm/026/026_1_1/026_1_00370.jpg,samm_026
samm,26,026_1_1,0,295,325,370,samm/026/026_1_1/026_1_00295.jpg,samm/026/026_1_1/026_1_00325.jpg,samm/026/026_1_1/026_1_00370.jpg,samm_026
samm,26,026_2_1,0,2881,2916,2947,samm/026/026_2_1/026_2_02881.jpg,samm/026/026_2_1/026_2_02916.jpg,samm/026/026_2_1/026_2_02947.jpg,samm_026
samm,26,026_2_1,0,2881,2917,2947,samm/026/026_2_1/026_2_02881.jpg,samm/026/026_2_1/026_2_02917.jpg,samm/026/026_2_1/026_2_02947.jpg,samm_026
samm,26,026_2_1,0,2881,2919,2947,samm/026/026_2_1/026_2_02881.jpg,samm/026/026_2_1/026_2_02919.jpg,samm/026/026_2_1/026_2_02947.jpg,samm_026
samm,26,026_2_1,0,2881,2920,2947,samm/026/026_2_1/026_2_02881.jpg,samm/026/026_2_1/026_2_02920.jpg,samm/026/026_2_1/026_2_02947.jpg,samm_026
samm,26,026_2_2,0,2952,2976,3028,samm/026/026_2_2/026_2_02952.jpg,samm/026/026_2_2/026_2_02976.jpg,samm/026/026_2_2/026_2_03028.jpg,samm_026
samm,26,026_2_2,0,2952,2977,3028,samm/026/026_2_2/026_2_02952.jpg,samm/026/026_2_2/026_2_02977.jpg,samm/026/026_2_2/026_2_03028.jpg,samm_026
samm,26,026_2_2,0,2952,2979,3028,samm/026/026_2_2/026_2_02952.jpg,samm/026/026_2_2/026_2_02979.jpg,samm/026/026_2_2/026_2_03028.jpg,samm_026
samm,26,026_2_2,0,2952,2980,3028,samm/026/026_2_2/026_2_02952.jpg,samm/026/026_2_2/026_2_02980.jpg,samm/026/026_2_2/026_2_03028.jpg,samm_026
samm,26,026_2_3,0,2607,2640,2685,samm/026/026_2_3/026_2_02607.jpg,samm/026/026_2_3/026_2_02640.jpg,samm/026/026_2_3/026_2_02685.jpg,samm_026
samm,26,026_2_3,0,2607,2641,2685,samm/026/026_2_3/026_2_02607.jpg,samm/026/026_2_3/026_2_02641.jpg,samm/026/026_2_3/026_2_02685.jpg,samm_026
samm,26,026_2_3,0,2607,2643,2685,samm/026/026_2_3/026_2_02607.jpg,samm/026/026_2_3/026_2_02643.jpg,samm/026/026_2_3/026_2_02685.jpg,samm_026
samm,26,026_2_3,0,2607,2644,2685,samm/026/026_2_3/026_2_02607.jpg,samm/026/026_2_3/026_2_02644.jpg,samm/026/026_2_3/026_2_02685.jpg,samm_026
samm,26,026_3_3,0,1704,1734,1737,samm/026/026_3_3/026_3_01704.jpg,samm/026/026_3_3/026_3_01734.jpg,samm/026/026_3_3/026_3_01737.jpg,samm_026
samm,26,026_3_3,0,1704,1735,1737,samm/026/026_3_3/026_3_01704.jpg,samm/026/026_3_3/026_3_01735.jpg,samm/026/026_3_3/026_3_01737.jpg,samm_026
samm,26,026_3_3,0,1704,1737,1737,samm/026/026_3_3/026_3_01704.jpg,samm/026/026_3_3/026_3_01737.jpg,samm/026/026_3_3/026_3_01737.jpg,samm_026
samm,26,026_3_4,0,3582,3606,3640,samm/026/026_3_4/026_3_03582.jpg,samm/026/026_3_4/026_3_03606.jpg,samm/026/026_3_4/026_3_03640.jpg,samm_026
samm,26,026_3_4,0,3582,3607,3640,samm/026/026_3_4/026_3_03582.jpg,samm/026/026_3_4/026_3_03607.jpg,samm/026/026_3_4/026_3_03640.jpg,samm_026
samm,26,026_3_4,0,3582,3609,3640,samm/026/026_3_4/026_3_03582.jpg,samm/026/026_3_4/026_3_03609.jpg,samm/026/026_3_4/026_3_03640.jpg,samm_026
samm,26,026_3_4,0,3582,3610,3640,samm/026/026_3_4/026_3_03582.jpg,samm/026/026_3_4/026_3_03610.jpg,samm/026/026_3_4/026_3_03640.jpg,samm_026
samm,26,026_5_1,0,573,587,646,samm/026/026_5_1/026_5_00573.jpg,samm/026/026_5_1/026_5_00587.jpg,samm/026/026_5_1/026_5_00646.jpg,samm_026
samm,26,026_5_1,0,573,588,646,samm/026/026_5_1/026_5_00573.jpg,samm/026/026_5_1/026_5_00588.jpg,samm/026/026_5_1/026_5_00646.jpg,samm_026
samm,26,026_5_1,0,573,590,646,samm/026/026_5_1/026_5_00573.jpg,samm/026/026_5_1/026_5_00590.jpg,samm/026/026_5_1/026_5_00646.jpg,samm_026
samm,26,026_5_1,0,573,591,646,samm/026/026_5_1/026_5_00573.jpg,samm/026/026_5_1/026_5_00591.jpg,samm/026/026_5_1/026_5_00646.jpg,samm_026
samm,26,026_6_1,0,348,380,441,samm/026/026_6_1/026_6_00348.jpg,samm/026/026_6_1/026_6_00380.jpg,samm/026/026_6_1/026_6_00441.jpg,samm_026
samm,26,026_6_1,0,348,381,441,samm/026/026_6_1/026_6_00348.jpg,samm/026/026_6_1/026_6_00381.jpg,samm/026/026_6_1/026_6_00441.jpg,samm_026
samm,26,026_6_1,0,348,383,441,samm/026/026_6_1/026_6_00348.jpg,samm/026/026_6_1/026_6_00383.jpg,samm/026/026_6_1/026_6_00441.jpg,samm_026
samm,26,026_6_1,0,348,384,441,samm/026/026_6_1/026_6_00348.jpg,samm/026/026_6_1/026_6_00384.jpg,samm/026/026_6_1/026_6_00441.jpg,samm_026
samm,26,026_7_3,0,1750,1781,1844,samm/026/026_7_3/026_7_01750.jpg,samm/026/026_7_3/026_7_01781.jpg,samm/026/026_7_3/026_7_01844.jpg,samm_026
samm,26,026_7_3,0,1750,1782,1844,samm/026/026_7_3/026_7_01750.jpg,samm/026/026_7_3/026_7_01782.jpg,samm/026/026_7_3/026_7_01844.jpg,samm_026
samm,26,026_7_3,0,1750,1784,1844,samm/026/026_7_3/026_7_01750.jpg,samm/026/026_7_3/026_7_01784.jpg,samm/026/026_7_3/026_7_01844.jpg,samm_026
samm,26,026_7_3,0,1750,1785,1844,samm/026/026_7_3/026_7_01750.jpg,samm/026/026_7_3/026_7_01785.jpg,samm/026/026_7_3/026_7_01844.jpg,samm_026
samm,28,028_4_1,0,1071,1101,1134,samm/028/028_4_1/028_4_01071.jpg,samm/028/028_4_1/028_4_01101.jpg,samm/028/028_4_1/028_4_01134.jpg,samm_028
samm,28,028_4_1,0,1071,1102,1134,samm/028/028_4_1/028_4_01071.jpg,samm/028/028_4_1/028_4_01102.jpg,samm/028/028_4_1/028_4_01134.jpg,samm_028
samm,28,028_4_1,0,1071,1104,1134,samm/028/028_4_1/028_4_01071.jpg,samm/028/028_4_1/028_4_01104.jpg,samm/028/028_4_1/028_4_01134.jpg,samm_028
samm,28,028_4_1,0,1071,1105,1134,samm/028/028_4_1/028_4_01071.jpg,samm/028/028_4_1/028_4_01105.jpg,samm/028/028_4_1/028_4_01134.jpg,samm_028
samm,28,028_4_3,2,370,422,441,samm/028/028_4_3/028_4_00370.jpg,samm/028/028_4_3/028_4_00422.jpg,samm/028/028_4_3/028_4_00441.jpg,samm_028
samm,28,028_4_3,2,370,423,441,samm/028/028_4_3/028_4_00370.jpg,samm/028/028_4_3/028_4_00423.jpg,samm/028/028_4_3/028_4_00441.jpg,samm_028
samm,28,028_4_3,2,370,425,441,samm/028/028_4_3/028_4_00370.jpg,samm/028/028_4_3/028_4_00425.jpg,samm/028/028_4_3/028_4_00441.jpg,samm_028
samm,28,028_4_3,2,370,426,441,samm/028/028_4_3/028_4_00370.jpg,samm/028/028_4_3/028_4_00426.jpg,samm/028/028_4_3/028_4_00441.jpg,samm_028
samm,28,028_4_4,2,1288,1365,1376,samm/028/028_4_4/028_4_01288.jpg,samm/028/028_4_4/028_4_01365.jpg,samm/028/028_4_4/028_4_01376.jpg,samm_028
samm,28,028_4_4,2,1288,1366,1376,samm/028/028_4_4/028_4_01288.jpg,samm/028/028_4_4/028_4_01366.jpg,samm/028/028_4_4/028_4_01376.jpg,samm_028
samm,28,028_4_4,2,1288,1368,1376,samm/028/028_4_4/028_4_01288.jpg,samm/028/028_4_4/028_4_01368.jpg,samm/028/028_4_4/028_4_01376.jpg,samm_028
samm,28,028_4_4,2,1288,1369,1376,samm/028/028_4_4/028_4_01288.jpg,samm/028/028_4_4/028_4_01369.jpg,samm/028/028_4_4/028_4_01376.jpg,samm_028
samm,30,030_1_1,0,379,420,460,samm/030/030_1_1/030_1_00379.jpg,samm/030/030_1_1/030_1_00420.jpg,samm/030/030_1_1/030_1_00460.jpg,samm_030
samm,30,030_1_1,0,379,421,460,samm/030/030_1_1/030_1_00379.jpg,samm/030/030_1_1/030_1_00421.jpg,samm/030/030_1_1/030_1_00460.jpg,samm_030
samm,30,030_1_1,0,379,423,460,samm/030/030_1_1/030_1_00379.jpg,samm/030/030_1_1/030_1_00423.jpg,samm/030/030_1_1/030_1_00460.jpg,samm_030
samm,30,030_1_1,0,379,424,460,samm/030/030_1_1/030_1_00379.jpg,samm/030/030_1_1/030_1_00424.jpg,samm/030/030_1_1/030_1_00460.jpg,samm_030
samm,30,030_1_2,0,4344,4390,4434,samm/030/030_1_2/030_1_04344.jpg,samm/030/030_1_2/030_1_04390.jpg,samm/030/030_1_2/030_1_04434.jpg,samm_030
samm,30,030_1_2,0,4344,4391,4434,samm/030/030_1_2/030_1_04344.jpg,samm/030/030_1_2/030_1_04391.jpg,samm/030/030_1_2/030_1_04434.jpg,samm_030
samm,30,030_1_2,0,4344,4393,4434,samm/030/030_1_2/030_1_04344.jpg,samm/030/030_1_2/030_1_04393.jpg,samm/030/030_1_2/030_1_04434.jpg,samm_030
samm,30,030_1_2,0,4344,4394,4434,samm/030/030_1_2/030_1_04344.jpg,samm/030/030_1_2/030_1_04394.jpg,samm/030/030_1_2/030_1_04434.jpg,samm_030
samm,30,030_5_1,0,421,458,501,samm/030/030_5_1/030_5_00421.jpg,samm/030/030_5_1/030_5_00458.jpg,samm/030/030_5_1/030_5_00501.jpg,samm_030
samm,30,030_5_1,0,421,459,501,samm/030/030_5_1/030_5_00421.jpg,samm/030/030_5_1/030_5_00459.jpg,samm/030/030_5_1/030_5_00501.jpg,samm_030
samm,30,030_5_1,0,421,461,501,samm/030/030_5_1/030_5_00421.jpg,samm/030/030_5_1/030_5_00461.jpg,samm/030/030_5_1/030_5_00501.jpg,samm_030
samm,30,030_5_1,0,421,462,501,samm/030/030_5_1/030_5_00421.jpg,samm/030/030_5_1/030_5_00462.jpg,samm/030/030_5_1/030_5_00501.jpg,samm_030
samm,31,031_3_1,0,331,350,386,samm/031/031_3_1/031_3_00331.jpg,samm/031/031_3_1/031_3_00350.jpg,samm/031/031_3_1/031_3_00386.jpg,samm_031
samm,31,031_3_1,0,331,351,386,samm/031/031_3_1/031_3_00331.jpg,samm/031/031_3_1/031_3_00351.jpg,samm/031/031_3_1/031_3_00386.jpg,samm_031
samm,31,031_3_1,0,331,353,386,samm/031/031_3_1/031_3_00331.jpg,samm/031/031_3_1/031_3_00353.jpg,samm/031/031_3_1/031_3_00386.jpg,samm_031
samm,31,031_3_1,0,331,354,386,samm/031/031_3_1/031_3_00331.jpg,samm/031/031_3_1/031_3_00354.jpg,samm/031/031_3_1/031_3_00386.jpg,samm_031
samm,32,032_3_1,0,1896,1931,1970,samm/032/032_3_1/032_3_01896.jpg,samm/032/032_3_1/032_3_01931.jpg,samm/032/032_3_1/032_3_01970.jpg,samm_032
samm,32,032_3_1,0,1896,1932,1970,samm/032/032_3_1/032_3_01896.jpg,samm/032/032_3_1/032_3_01932.jpg,samm/032/032_3_1/032_3_01970.jpg,samm_032
samm,32,032_3_1,0,1896,1934,1970,samm/032/032_3_1/032_3_01896.jpg,samm/032/032_3_1/032_3_01934.jpg,samm/032/032_3_1/032_3_01970.jpg,samm_032
samm,32,032_3_1,0,1896,1935,1970,samm/032/032_3_1/032_3_01896.jpg,samm/032/032_3_1/032_3_01935.jpg,samm/032/032_3_1/032_3_01970.jpg,samm_032
samm,32,032_3_2,0,2126,2126,2207,samm/032/032_3_2/032_3_02126.jpg,samm/032/032_3_2/032_3_02126.jpg,samm/032/032_3_2/032_3_02207.jpg,samm_032
samm,32,032_3_2,0,2126,2128,2207,samm/032/032_3_2/032_3_02126.jpg,samm/032/032_3_2/032_3_02128.jpg,samm/032/032_3_2/032_3_02207.jpg,samm_032
samm,32,032_3_2,0,2126,2129,2207,samm/032/032_3_2/032_3_02126.jpg,samm/032/032_3_2/032_3_02129.jpg,samm/032/032_3_2/032_3_02207.jpg,samm_032
samm,32,032_4_2,0,408,434,479,samm/032/032_4_2/032_4_00408.jpg,samm/032/032_4_2/032_4_00434.jpg,samm/032/032_4_2/032_4_00479.jpg,samm_032
samm,32,032_4_2,0,408,435,479,samm/032/032_4_2/032_4_00408.jpg,samm/032/032_4_2/032_4_00435.jpg,samm/032/032_4_2/032_4_00479.jpg,samm_032
samm,32,032_4_2,0,408,437,479,samm/032/032_4_2/032_4_00408.jpg,samm/032/032_4_2/032_4_00437.jpg,samm/032/032_4_2/032_4_00479.jpg,samm_032
samm,32,032_4_2,0,408,438,479,samm/032/032_4_2/032_4_00408.jpg,samm/032/032_4_2/032_4_00438.jpg,samm/032/032_4_2/032_4_00479.jpg,samm_032
samm,32,032_6_1,0,307,323,366,samm/032/032_6_1/032_6_00307.jpg,samm/032/032_6_1/032_6_00323.jpg,samm/032/032_6_1/032_6_00366.jpg,samm_032
samm,32,032_6_1,0,307,324,366,samm/032/032_6_1/032_6_00307.jpg,samm/032/032_6_1/032_6_00324.jpg,samm/032/032_6_1/032_6_00366.jpg,samm_032
samm,32,032_6_1,0,307,326,366,samm/032/032_6_1/032_6_00307.jpg,samm/032/032_6_1/032_6_00326.jpg,samm/032/032_6_1/032_6_00366.jpg,samm_032
samm,32,032_6_1,0,307,327,366,samm/032/032_6_1/032_6_00307.jpg,samm/032/032_6_1/032_6_00327.jpg,samm/032/032_6_1/032_6_00366.jpg,samm_032
samm,33,033_1_3,1,957,986,1009,samm/033/033_1_3/033_1_00957.jpg,samm/033/033_1_3/033_1_00986.jpg,samm/033/033_1_3/033_1_01009.jpg,samm_033
samm,33,033_1_3,1,957,987,1009,samm/033/033_1_3/033_1_00957.jpg,samm/033/033_1_3/033_1_00987.jpg,samm/033/033_1_3/033_1_01009.jpg,samm_033
samm,33,033_1_3,1,957,989,1009,samm/033/033_1_3/033_1_00957.jpg,samm/033/033_1_3/033_1_00989.jpg,samm/033/033_1_3/033_1_01009.jpg,samm_033
samm,33,033_1_3,1,957,990,1009,samm/033/033_1_3/033_1_00957.jpg,samm/033/033_1_3/033_1_00990.jpg,samm/033/033_1_3/033_1_01009.jpg,samm_033
samm,33,033_1_4,0,1541,1571,1609,samm/033/033_1_4/033_1_01541.jpg,samm/033/033_1_4/033_1_01571.jpg,samm/033/033_1_4/033_1_01609.jpg,samm_033
samm,33,033_1_4,0,1541,1572,1609,samm/033/033_1_4/033_1_01541.jpg,samm/033/033_1_4/033_1_01572.jpg,samm/033/033_1_4/033_1_01609.jpg,samm_033
samm,33,033_1_4,0,1541,1574,1609,samm/033/033_1_4/033_1_01541.jpg,samm/033/033_1_4/033_1_01574.jpg,samm/033/033_1_4/033_1_01609.jpg,samm_033
samm,33,033_1_4,0,1541,1575,1609,samm/033/033_1_4/033_1_01541.jpg,samm/033/033_1_4/033_1_01575.jpg,samm/033/033_1_4/033_1_01609.jpg,samm_033
samm,33,033_1_5,0,1889,1924,1973,samm/033/033_1_5/033_1_01889.jpg,samm/033/033_1_5/033_1_01924.jpg,samm/033/033_1_5/033_1_01973.jpg,samm_033
samm,33,033_1_5,0,1889,1925,1973,samm/033/033_1_5/033_1_01889.jpg,samm/033/033_1_5/033_1_01925.jpg,samm/033/033_1_5/033_1_01973.jpg,samm_033
samm,33,033_1_5,0,1889,1927,1973,samm/033/033_1_5/033_1_01889.jpg,samm/033/033_1_5/033_1_01927.jpg,samm/033/033_1_5/033_1_01973.jpg,samm_033
samm,33,033_1_5,0,1889,1928,1973,samm/033/033_1_5/033_1_01889.jpg,samm/033/033_1_5/033_1_01928.jpg,samm/033/033_1_5/033_1_01973.jpg,samm_033
samm,33,033_2_1,0,695,747,776,samm/033/033_2_1/033_2_00695.jpg,samm/033/033_2_1/033_2_00747.jpg,samm/033/033_2_1/033_2_00776.jpg,samm_033
samm,33,033_2_1,0,695,748,776,samm/033/033_2_1/033_2_00695.jpg,samm/033/033_2_1/033_2_00748.jpg,samm/033/033_2_1/033_2_00776.jpg,samm_033
samm,33,033_2_1,0,695,750,776,samm/033/033_2_1/033_2_00695.jpg,samm/033/033_2_1/033_2_00750.jpg,samm/033/033_2_1/033_2_00776.jpg,samm_033
samm,33,033_2_1,0,695,751,776,samm/033/033_2_1/033_2_00695.jpg,samm/033/033_2_1/033_2_00751.jpg,samm/033/033_2_1/033_2_00776.jpg,samm_033
samm,33,033_2_2,0,2117,2147,2215,samm/033/033_2_2/033_2_02117.jpg,samm/033/033_2_2/033_2_02147.jpg,samm/033/033_2_2/033_2_02215.jpg,samm_033
samm,33,033_2_2,0,2117,2148,2215,samm/033/033_2_2/033_2_02117.jpg,samm/033/033_2_2/033_2_02148.jpg,samm/033/033_2_2/033_2_02215.jpg,samm_033
samm,33,033_2_2,0,2117,2150,2215,samm/033/033_2_2/033_2_02117.jpg,samm/033/033_2_2/033_2_02150.jpg,samm/033/033_2_2/033_2_02215.jpg,samm_033
samm,33,033_2_2,0,2117,2151,2215,samm/033/033_2_2/033_2_02117.jpg,samm/033/033_2_2/033_2_02151.jpg,samm/033/033_2_2/033_2_02215.jpg,samm_033
samm,34,034_3_1,0,129,157,217,samm/034/034_3_1/034_3_00129.jpg,samm/034/034_3_1/034_3_00157.jpg,samm/034/034_3_1/034_3_00217.jpg,samm_034
samm,34,034_3_1,0,129,158,217,samm/034/034_3_1/034_3_00129.jpg,samm/034/034_3_1/034_3_00158.jpg,samm/034/034_3_1/034_3_00217.jpg,samm_034
samm,34,034_3_1,0,129,160,217,samm/034/034_3_1/034_3_00129.jpg,samm/034/034_3_1/034_3_00160.jpg,samm/034/034_3_1/034_3_00217.jpg,samm_034
samm,34,034_3_1,0,129,161,217,samm/034/034_3_1/034_3_00129.jpg,samm/034/034_3_1/034_3_00161.jpg,samm/034/034_3_1/034_3_00217.jpg,samm_034
samm,34,034_7_2,0,1578,1610,1655,samm/034/034_7_2/034_7_01578.jpg,samm/034/034_7_2/034_7_01610.jpg,samm/034/034_7_2/034_7_01655.jpg,samm_034
samm,34,034_7_2,0,1578,1611,1655,samm/034/034_7_2/034_7_01578.jpg,samm/034/034_7_2/034_7_01611.jpg,samm/034/034_7_2/034_7_01655.jpg,samm_034
samm,34,034_7_2,0,1578,1613,1655,samm/034/034_7_2/034_7_01578.jpg,samm/034/034_7_2/034_7_01613.jpg,samm/034/034_7_2/034_7_01655.jpg,samm_034
samm,34,034_7_2,0,1578,1614,1655,samm/034/034_7_2/034_7_01578.jpg,samm/034/034_7_2/034_7_01614.jpg,samm/034/034_7_2/034_7_01655.jpg,samm_034
samm,34,034_7_3,0,3636,3670,3719,samm/034/034_7_3/034_7_03636.jpg,samm/034/034_7_3/034_7_03670.jpg,samm/034/034_7_3/034_7_03719.jpg,samm_034
samm,34,034_7_3,0,3636,3671,3719,samm/034/034_7_3/034_7_03636.jpg,samm/034/034_7_3/034_7_03671.jpg,samm/034/034_7_3/034_7_03719.jpg,samm_034
samm,34,034_7_3,0,3636,3673,3719,samm/034/034_7_3/034_7_03636.jpg,samm/034/034_7_3/034_7_03673.jpg,samm/034/034_7_3/034_7_03719.jpg,samm_034
samm,34,034_7_3,0,3636,3674,3719,samm/034/034_7_3/034_7_03636.jpg,samm/034/034_7_3/034_7_03674.jpg,samm/034/034_7_3/034_7_03719.jpg,samm_034
samm,35,035_1_1,0,649,665,691,samm/035/035_1_1/035_1_00649.jpg,samm/035/035_1_1/035_1_00665.jpg,samm/035/035_1_1/035_1_00691.jpg,samm_035
samm,35,035_1_1,0,649,666,691,samm/035/035_1_1/035_1_00649.jpg,samm/035/035_1_1/035_1_00666.jpg,samm/035/035_1_1/035_1_00691.jpg,samm_035
samm,35,035_1_1,0,649,668,691,samm/035/035_1_1/035_1_00649.jpg,samm/035/035_1_1/035_1_00668.jpg,samm/035/035_1_1/035_1_00691.jpg,samm_035
samm,35,035_1_1,0,649,669,691,samm/035/035_1_1/035_1_00649.jpg,samm/035/035_1_1/035_1_00669.jpg,samm/035/035_1_1/035_1_00691.jpg,samm_035
samm,35,035_4_1,0,231,243,263,samm/035/035_4_1/035_4_00231.jpg,samm/035/035_4_1/035_4_00243.jpg,samm/035/035_4_1/035_4_00263.jpg,samm_035
samm,35,035_4_1,0,231,244,263,samm/035/035_4_1/035_4_00231.jpg,samm/035/035_4_1/035_4_00244.jpg,samm/035/035_4_1/035_4_00263.jpg,samm_035
samm,35,035_4_1,0,231,246,263,samm/035/035_4_1/035_4_00231.jpg,samm/035/035_4_1/035_4_00246.jpg,samm/035/035_4_1/035_4_00263.jpg,samm_035
samm,35,035_4_1,0,231,247,263,samm/035/035_4_1/035_4_00231.jpg,samm/035/035_4_1/035_4_00247.jpg,samm/035/035_4_1/035_4_00263.jpg,samm_035
samm,35,035_4_2,0,1509,1532,1574,samm/035/035_4_2/035_4_01509.jpg,samm/035/035_4_2/035_4_01532.jpg,samm/035/035_4_2/035_4_01574.jpg,samm_035
samm,35,035_4_2,0,1509,1533,1574,samm/035/035_4_2/035_4_01509.jpg,samm/035/035_4_2/035_4_01533.jpg,samm/035/035_4_2/035_4_01574.jpg,samm_035
samm,35,035_4_2,0,1509,1535,1574,samm/035/035_4_2/035_4_01509.jpg,samm/035/035_4_2/035_4_01535.jpg,samm/035/035_4_2/035_4_01574.jpg,samm_035
samm,35,035_4_2,0,1509,1536,1574,samm/035/035_4_2/035_4_01509.jpg,samm/035/035_4_2/035_4_01536.jpg,samm/035/035_4_2/035_4_01574.jpg,samm_035
samm,35,035_5_2,0,2409,2441,2473,samm/035/035_5_2/035_5_02409.jpg,samm/035/035_5_2/035_5_02441.jpg,samm/035/035_5_2/035_5_02473.jpg,samm_035
samm,35,035_5_2,0,2409,2442,2473,samm/035/035_5_2/035_5_02409.jpg,samm/035/035_5_2/035_5_02442.jpg,samm/035/035_5_2/035_5_02473.jpg,samm_035
samm,35,035_5_2,0,2409,2444,2473,samm/035/035_5_2/035_5_02409.jpg,samm/035/035_5_2/035_5_02444.jpg,samm/035/035_5_2/035_5_02473.jpg,samm_035
samm,35,035_5_2,0,2409,2445,2473,samm/035/035_5_2/035_5_02409.jpg,samm/035/035_5_2/035_5_02445.jpg,samm/035/035_5_2/035_5_02473.jpg,samm_035
samm,35,035_5_3,0,253,291,341,samm/035/035_5_3/035_5_00253.jpg,samm/035/035_5_3/035_5_00291.jpg,samm/035/035_5_3/035_5_00341.jpg,samm_035
samm,35,035_5_3,0,253,292,341,samm/035/035_5_3/035_5_00253.jpg,samm/035/035_5_3/035_5_00292.jpg,samm/035/035_5_3/035_5_00341.jpg,samm_035
samm,35,035_5_3,0,253,294,341,samm/035/035_5_3/035_5_00253.jpg,samm/035/035_5_3/035_5_00294.jpg,samm/035/035_5_3/035_5_00341.jpg,samm_035
samm,35,035_5_3,0,253,295,341,samm/035/035_5_3/035_5_00253.jpg,samm/035/035_5_3/035_5_00295.jpg,samm/035/035_5_3/035_5_00341.jpg,samm_035
samm,35,035_6_3,0,180,208,236,samm/035/035_6_3/035_6_00180.jpg,samm/035/035_6_3/035_6_00208.jpg,samm/035/035_6_3/035_6_00236.jpg,samm_035
samm,35,035_6_3,0,180,209,236,samm/035/035_6_3/035_6_00180.jpg,samm/035/035_6_3/035_6_00209.jpg,samm/035/035_6_3/035_6_00236.jpg,samm_035
samm,35,035_6_3,0,180,211,236,samm/035/035_6_3/035_6_00180.jpg,samm/035/035_6_3/035_6_00211.jpg,samm/035/035_6_3/035_6_00236.jpg,samm_035
samm,35,035_6_3,0,180,212,236,samm/035/035_6_3/035_6_00180.jpg,samm/035/035_6_3/035_6_00212.jpg,samm/035/035_6_3/035_6_00236.jpg,samm_035
samm,35,035_7_1,2,7809,7817,7853,samm/035/035_7_1/035_7_07809.jpg,samm/035/035_7_1/035_7_07817.jpg,samm/035/035_7_1/035_7_07853.jpg,samm_035
samm,35,035_7_1,2,7809,7818,7853,samm/035/035_7_1/035_7_07809.jpg,samm/035/035_7_1/035_7_07818.jpg,samm/035/035_7_1/035_7_07853.jpg,samm_035
samm,35,035_7_1,2,7809,7820,7853,samm/035/035_7_1/035_7_07809.jpg,samm/035/035_7_1/035_7_07820.jpg,samm/035/035_7_1/035_7_07853.jpg,samm_035
samm,35,035_7_1,2,7809,7821,7853,samm/035/035_7_1/035_7_07809.jpg,samm/035/035_7_1/035_7_07821.jpg,samm/035/035_7_1/035_7_07853.jpg,samm_035
samm,35,035_7_2,0,823,853,918,samm/035/035_7_2/035_7_00823.jpg,samm/035/035_7_2/035_7_00853.jpg,samm/035/035_7_2/035_7_00918.jpg,samm_035
samm,35,035_7_2,0,823,854,918,samm/035/035_7_2/035_7_00823.jpg,samm/035/035_7_2/035_7_00854.jpg,samm/035/035_7_2/035_7_00918.jpg,samm_035
samm,35,035_7_2,0,823,856,918,samm/035/035_7_2/035_7_00823.jpg,samm/035/035_7_2/035_7_00856.jpg,samm/035/035_7_2/035_7_00918.jpg,samm_035
samm,35,035_7_2,0,823,857,918,samm/035/035_7_2/035_7_00823.jpg,samm/035/035_7_2/035_7_00857.jpg,samm/035/035_7_2/035_7_00918.jpg,samm_035
samm,36,036_7_3,0,2264,2337,2363,samm/036/036_7_3/036_7_02264.jpg,samm/036/036_7_3/036_7_02337.jpg,samm/036/036_7_3/036_7_02363.jpg,samm_036
samm,36,036_7_3,0,2264,2338,2363,samm/036/036_7_3/036_7_02264.jpg,samm/036/036_7_3/036_7_02338.jpg,samm/036/036_7_3/036_7_02363.jpg,samm_036
samm,36,036_7_3,0,2264,2340,2363,samm/036/036_7_3/036_7_02264.jpg,samm/036/036_7_3/036_7_02340.jpg,samm/036/036_7_3/036_7_02363.jpg,samm_036
samm,36,036_7_3,0,2264,2341,2363,samm/036/036_7_3/036_7_02264.jpg,samm/036/036_7_3/036_7_02341.jpg,samm/036/036_7_3/036_7_02363.jpg,samm_036
samm,37,037_3_2,0,3196,3212,3295,samm/037/037_3_2/037_3_03196.jpg,samm/037/037_3_2/037_3_03212.jpg,samm/037/037_3_2/037_3_03295.jpg,samm_037
samm,37,037_3_2,0,3196,3213,3295,samm/037/037_3_2/037_3_03196.jpg,samm/037/037_3_2/037_3_03213.jpg,samm/037/037_3_2/037_3_03295.jpg,samm_037
samm,37,037_3_2,0,3196,3215,3295,samm/037/037_3_2/037_3_03196.jpg,samm/037/037_3_2/037_3_03215.jpg,samm/037/037_3_2/037_3_03295.jpg,samm_037
samm,37,037_3_2,0,3196,3216,3295,samm/037/037_3_2/037_3_03196.jpg,samm/037/037_3_2/037_3_03216.jpg,samm/037/037_3_2/037_3_03295.jpg,samm_037
